date_admission,branch_id,enrollment,course,till_date,student_name,father_name,father_occupation,student_dob,gender,profile_image,address1,address2,student_state,student_district,student_phone,w_phone,student_email,student_status
2024-01-01,6,KTL2016012700015,6,2015-06-08,Dhruv Arora,Mr. Dhiraj Arora,developer,2002-08-20,male,1.jpg,mandawali,New delhi,1,1,9876543210,9876543210,dhruv.arora@gmail.com,running
2024-01-01,6,KTL2015090100009,3,2015-07-16,Ravinder Kaur,Mr. Kulwant singh,developer,2002-08-21,male,1.jpg,mandawali,New delhi,1,1,9876543210,9876543210,ravinder.kaur@gmail.com,running
2024-01-01,6,KTL2015090100010,238,2015-08-03,Dinesh Kumar ,Mr. Ranjit Ram,developer,2002-08-22,male,1.jpg,mandawali,New delhi,1,1,9876543210,9876543210,dinesh.kumar@gmail.com,running
2024-01-01,6,KTL2015090100011,238,2015-08-03,Sahil Kalia,Mr. Sunil Dutt Kalia,developer,2002-08-23,male,1.jpg,mandawali,New delhi,1,1,9876543210,9876543210,sahil.kalia@gmail.com,running
2024-01-01,6,KTL2015090100012,238,2015-08-08,Simranjit Singh,Mr. Sarban Singh,developer,2002-08-24,male,1.jpg,mandawali,New delhi,1,1,9876543210,9876543210,simranjit.singh@gmail.com,running
2024-01-01,6,KTL2015090100008,44,2015-08-26,Paramjit Kaur,Mr. Gurbax Singh,developer,2002-08-25,male,1.jpg,mandawali,New delhi,1,1,9876543210,9876543210,paramjit.kaur@gmail.com,running
2024-01-01,6,KTL2016012700014,6,2015-08-31,Shikha Srivastava,Mr. S.K Srivastava,developer,2002-08-26,male,1.jpg,mandawali,New delhi,1,1,9876543210,9876543210,shikha.srivastava@gmail.com,running
2024-01-01,6,KTL2016012700013,238,2015-09-15,Alka Satia,Mr. Rakesh Satia,developer,2002-08-27,male,1.jpg,mandawali,New delhi,1,1,9876543210,9876543210,alka.satia@gmail.com,running
2024-01-01,6,KTL2016060900019,238,2016-03-16,Arjod Singh,Mr. Balwant Singh ,developer,2002-08-28,male,1.jpg,mandawali,New delhi,1,1,9876543210,9876543210,arjod.singh@gmail.com,running
2024-01-01,6,KTL2016060900020,238,2016-03-24,Balraj Singh,Mr. Sardool Singh,developer,2002-08-29,male,1.jpg,mandawali,New delhi,1,1,9876543210,9876543210,balraj.singh@gmail.com,running
2024-01-01,6,KTL2016060900026,238,2016-04-01,Kirandeep,Mr. Ram Kumar,developer,2002-08-30,male,1.jpg,mandawali,New delhi,1,1,9876543210,9876543210,KTL2016060900026@gmail.com,running
2024-01-01,6,KTL2016060900027,238,2016-04-01,Manisha,Mr. Rajiv Kumar,developer,2002-08-31,male,1.jpg,mandawali,New delhi,1,1,9876543210,9876543210,KTL2016060900027@gmail.com,running
2024-01-01,6,KTL2016060900021,238,2016-04-06,Jaspinderpreet Singh,Mr. Tarlochan Sinhg,developer,2002-09-01,male,1.jpg,mandawali,New delhi,1,1,9876543210,9876543210,jaspinderpreet.singh@gmail.com,running
2024-01-01,6,KTL2016060900022,238,2016-04-08,Dilraj Singh,Mr. Joginder Singh,developer,2002-09-02,male,1.jpg,mandawali,New delhi,1,1,9876543210,9876543210,dilraj.singh@gmail.com,running
2024-01-01,6,KTL2016060900023,238,2016-04-08,Shinam,Mr. Vipan Puri,developer,2002-09-03,male,1.jpg,mandawali,New delhi,1,1,9876543210,9876543210,KTL2016060900023@gmail.com,running
2024-01-01,6,KTL2016060900024,238,2016-04-08,Anjali Bagga,Mr. Lakhwinder Bagga,developer,2002-09-04,male,1.jpg,mandawali,New delhi,1,1,9876543210,9876543210,anjali.bagga@gmail.com,running
2024-01-01,6,KTL2016060900025,238,2016-04-09,Neeraj Badyal,Mr. Surjit Kumar,developer,2002-09-05,male,1.jpg,mandawali,New delhi,1,1,9876543210,9876543210,neeraj.badyal@gmail.com,running
2024-01-01,6,KTL2016060900017,6,2016-04-10,Arshdeep Singh,Mr. Sukhdev Singh,developer,2002-09-06,male,1.jpg,mandawali,New delhi,1,1,9876543210,9876543210,arshdeep.singh@gmail.com,running
2024-01-01,6,KTL2016060900028,238,2016-04-11,Amandeep Kaur,Mr. Paranjit Singh,developer,2002-09-07,male,1.jpg,mandawali,New delhi,1,1,9876543210,9876543210,amandeep.kaur@gmail.com,running
2024-01-01,6,KTL2016060900029,238,2016-04-14,Saloni Arora,Mr. Akash Arora,developer,2002-09-08,male,1.jpg,mandawali,New delhi,1,1,9876543210,9876543210,saloni.arora@gmail.com,running
2024-01-01,6,KTL2016060900030,238,2016-04-14,Bharti Aggarwal,Mr. Ravi Aggarwal,developer,2002-09-09,male,1.jpg,mandawali,New delhi,1,1,9876543210,9876543210,bharti.aggarwal@gmail.com,running
2024-01-01,6,KTL2016060900031,238,2016-04-18,Manpreet Kaur,Mr. Ashok Kumar,developer,2002-09-10,male,1.jpg,mandawali,New delhi,1,1,9876543210,9876543210,manpreet.kaur@gmail.com,running
2024-01-01,6,KTL2016060900018,238,2016-05-04,Karanjit Singh,Mr. Kehar Singh,developer,2002-09-11,male,1.jpg,mandawali,New delhi,1,1,9876543210,9876543210,karanjit.singh@gmail.com,running
2024-01-01,6,KTL2016060900016,238,2016-05-10,Ajaypal Singh,Mr. Joginder Singh,developer,2002-09-12,male,1.jpg,mandawali,New delhi,1,1,9876543210,9876543210,ajaypal.singh@gmail.com,running
2024-01-01,4,RON2018041194196,238,2016-06-01,Sahidul Islam Laskar,NULL,developer,2002-09-13,male,1.jpg,mandawali,New delhi,1,1,9876543210,9876543210,sahidul.islamlaskar@gmail.com,complete
2024-01-01,4,RON2018041194195,238,2016-09-07,Sakir Ahmed Mazumder,NULL,developer,2002-09-14,male,1.jpg,mandawali,New delhi,1,1,9876543210,9876543210,sakir.ahmedmazumder@gmail.com,complete
2024-01-01,7,PLG2018040393820,111,2018-01-10,Sourabh Popat Rao Maskare,NULL,developer,2002-09-15,male,1.jpg,mandawali,New delhi,1,1,9876543210,9876543210,sourabh.popatraomaskare@gmail.com,complete
2024-01-01,7,PLG2018040393817,111,2018-02-02,Ajit Nale,NULL,developer,2002-09-16,male,1.jpg,mandawali,New delhi,1,1,9876543210,9876543210,ajit.nale@gmail.com,complete
2024-01-01,7,PLG20180821100126,40,2018-02-02,Sushant N Kanhat,NULL,developer,2002-09-17,male,1.jpg,mandawali,New delhi,1,1,9876543210,9876543210,sushant.nkanhat@gmail.com,complete
2024-01-01,7,PLG2018040393819,111,2018-02-06,Rushikesh Ghag,NULL,developer,2002-09-18,male,1.jpg,mandawali,New delhi,1,1,9876543210,9876543210,rushikesh.ghag@gmail.com,complete
2024-01-01,7,PLG2018040393818,141,2018-02-06,Ritesh Mahesh Patil,NULL,developer,2002-09-19,male,1.jpg,mandawali,New delhi,1,1,9876543210,9876543210,ritesh.maheshpatil@gmail.com,complete
2024-01-01,7,PLG20180821100125,142,2018-02-24,Rashmi Sanjay Nimkar,NULL,developer,2002-09-20,male,1.jpg,mandawali,New delhi,1,1,9876543210,9876543210,rashmi.sanjaynimkar@gmail.com,complete
2024-01-01,7,PLG2018040393821,109,2018-03-06,Swapnil Mishra,NULL,developer,2002-09-21,male,1.jpg,mandawali,New delhi,1,1,9876543210,9876543210,swapnil.mishra@gmail.com,complete
2024-01-01,4,RON2018052996467,6,2018-04-04,Yogesh Mehta,NULL,developer,2002-09-22,male,1.jpg,mandawali,New delhi,1,1,9876543210,9876543210,yogesh.mehta@gmail.com,running
2024-01-01,4,RON2018052996471,3,2018-05-03,Anmolpreet Singh,NULL,developer,2002-09-23,male,1.jpg,mandawali,New delhi,1,1,9876543210,9876543210,anmolpreet.singh@gmail.com,running
2024-01-01,4,RON2018052996468,3,2018-05-03,Vinayak Bhardwaj,NULL,developer,2002-09-24,male,1.jpg,mandawali,New delhi,1,1,9876543210,9876543210,vinayak.bhardwaj@gmail.com,running
2024-01-01,4,RON20181030102879,3,2018-06-06,Nasim Kousher Mazumder,NULL,developer,2002-09-25,male,1.jpg,mandawali,New delhi,1,1,9876543210,9876543210,nasim.koushermazumder@gmail.com,complete
2024-01-01,4,RON20181030102878,235,2018-06-07,Juel Ahmed Mazumder,NULL,developer,2002-09-26,male,1.jpg,mandawali,New delhi,1,1,9876543210,9876543210,juel.ahmedmazumder@gmail.com,complete
2024-01-01,4,RON20190102104365,47,2018-10-09,Sajal Kumar Das,NULL,developer,2002-09-27,male,1.jpg,mandawali,New delhi,1,1,9876543210,9876543210,sajal.kumardas@gmail.com,complete
2024-01-01,7,PLG20190409107923,141,2019-03-01,Tanuj Shah,NULL,developer,2002-09-28,male,1.jpg,mandawali,New delhi,1,1,9876543210,9876543210,tanuj.shah@gmail.com,complete
2024-01-01,7,PLG20190417108223,40,2019-04-01,Shaikh Suhail Ahmed,NULL,developer,2002-09-29,male,1.jpg,mandawali,New delhi,1,1,9876543210,9876543210,shaikh.suhailahmed@gmail.com,complete
2024-01-01,7,PLG20190409107938,40,2019-04-01,Gaurav Manoj Dimple,NULL,developer,2002-09-30,male,1.jpg,mandawali,New delhi,1,1,9876543210,9876543210,gaurav.manojdimple@gmail.com,complete
2024-01-01,7,PLG20190409107937,40,2019-04-01,Hrushikesh Dhok,NULL,developer,2002-10-01,male,1.jpg,mandawali,New delhi,1,1,9876543210,9876543210,hrushikesh.dhok@gmail.com,complete
2024-01-01,7,PLG20190409107935,141,2019-04-01,Aakash Jadhav,NULL,developer,2002-10-02,male,1.jpg,mandawali,New delhi,1,1,9876543210,9876543210,aakash.jadhav@gmail.com,complete
2024-01-01,7,PLG20190409107934,40,2019-04-01,Aakash Jadhav,NULL,developer,2002-10-03,male,1.jpg,mandawali,New delhi,1,1,9876543210,9876543210,aakash.jadhav@gmail.com,running
2024-01-01,7,PLG20190409107933,40,2019-04-01,Aatesh Prakash Bhoir,NULL,developer,2002-10-04,male,1.jpg,mandawali,New delhi,1,1,9876543210,9876543210,aatesh.prakashbhoir@gmail.com,complete
2024-01-01,7,PLG20190409107932,141,2019-04-01,Hrushikesh Dhok,NULL,developer,2002-10-05,male,1.jpg,mandawali,New delhi,1,1,9876543210,9876543210,hrushikesh.dhok@gmail.com,complete
2024-01-01,7,PLG20190409107931,141,2019-04-01,Yashashree Warang,NULL,developer,2002-10-06,male,1.jpg,mandawali,New delhi,1,1,9876543210,9876543210,yashashree.warang@gmail.com,complete
2024-01-01,7,PLG20190409107930,141,2019-04-01,Shaikh Suhail Ahmed,NULL,developer,2002-10-07,male,1.jpg,mandawali,New delhi,1,1,9876543210,9876543210,shaikh.suhailahmed@gmail.com,complete
2024-01-01,7,PLG20190409107929,40,2019-04-01,Tanuj Shah,NULL,developer,2002-10-08,male,1.jpg,mandawali,New delhi,1,1,9876543210,9876543210,tanuj.shah@gmail.com,complete
2024-01-01,7,PLG20190409107928,40,2019-04-01,Shaikh Suhail Ahmed,NULL,developer,2002-10-09,male,1.jpg,mandawali,New delhi,1,1,9876543210,9876543210,shaikh.suhailahmed@gmail.com,running
2024-01-01,7,PLG20190409107927,141,2019-04-01,Mohini,NULL,developer,2002-10-10,male,1.jpg,mandawali,New delhi,1,1,9876543210,9876543210,PLG20190409107927@gmail.com,complete
2024-01-01,7,PLG20190409107926,141,2019-04-01,Rishabh Sasot Hari,NULL,developer,2002-10-11,male,1.jpg,mandawali,New delhi,1,1,9876543210,9876543210,rishabh.sasothari@gmail.com,complete
2024-01-01,7,PLG20190409107925,40,2019-04-01,Yashashree Warang,NULL,developer,2002-10-12,male,1.jpg,mandawali,New delhi,1,1,9876543210,9876543210,yashashree.warang@gmail.com,complete
2024-01-01,7,PLG20190409107924,40,2019-04-01,Rishabh Sasot Hari,NULL,developer,2002-10-13,male,1.jpg,mandawali,New delhi,1,1,9876543210,9876543210,rishabh.sasothari@gmail.com,running
2024-01-01,7,PLG20190409107936,111,2019-04-03,Adityaatmaram Patil,NULL,developer,2002-10-14,male,1.jpg,mandawali,New delhi,1,1,9876543210,9876543210,adityaatmaram.patil@gmail.com,complete
2024-01-01,7,PLG20190409107939,40,2019-04-04,Keyur S Raveryai,NULL,developer,2002-10-15,male,1.jpg,mandawali,New delhi,1,1,9876543210,9876543210,keyur.sraveryai@gmail.com,complete
2024-01-01,1,BHA20190926114963,3,2019-05-18,Riya Chandna,NULL,developer,2002-10-16,male,1.jpg,mandawali,New delhi,1,1,9876543210,9876543210,riya.chandna@gmail.com,complete
2024-01-01,1,BHA20190926114965,3,2019-06-03,Devesh Kumar,NULL,developer,2002-10-17,male,1.jpg,mandawali,New delhi,1,1,9876543210,9876543210,devesh.kumar@gmail.com,running
2024-01-01,1,BHA20190926114962,235,2019-06-06,Sanjana Singh,NULL,developer,2002-10-18,male,1.jpg,mandawali,New delhi,1,1,9876543210,9876543210,sanjana.singh@gmail.com,complete
2024-01-01,9,NDS20191118116530,3,2019-06-07,Aryan,NULL,developer,2002-10-19,male,1.jpg,mandawali,New delhi,1,1,9876543210,9876543210,NDS20191118116530@gmail.com,complete
2024-01-01,1,BHA20190926114961,235,2019-06-10,Seema Rani,NULL,developer,2002-10-20,male,1.jpg,mandawali,New delhi,1,1,9876543210,9876543210,seema.rani@gmail.com,complete
2024-01-01,1,BHA20190926114967,235,2019-06-17,Suchita,NULL,developer,2002-10-21,male,1.jpg,mandawali,New delhi,1,1,9876543210,9876543210,BHA20190926114967@gmail.com,complete
2024-01-01,9,NDS20191118116532,3,2019-06-19,Shweta,NULL,developer,2002-10-22,male,1.jpg,mandawali,New delhi,1,1,9876543210,9876543210,NDS20191118116532@gmail.com,running
2024-01-01,9,NDS20191118116528,3,2019-06-24,Amit Yadav,NULL,developer,2002-10-23,male,1.jpg,mandawali,New delhi,1,1,9876543210,9876543210,amit.yadav@gmail.com,complete
2024-01-01,9,NDS20200314119588,3,2019-06-25,Nikhil Kumar,NULL,developer,2002-10-24,male,1.jpg,mandawali,New delhi,1,1,9876543210,9876543210,nikhil.kumar@gmail.com,running
2024-01-01,9,NDS20191118116529,3,2019-06-26,Vikrant,NULL,developer,2002-10-25,male,1.jpg,mandawali,New delhi,1,1,9876543210,9876543210,NDS20191118116529@gmail.com,complete
2024-01-01,9,NDS20200314119587,3,2019-07-04,Kuldeep Kumar,NULL,developer,2002-10-26,male,1.jpg,mandawali,New delhi,1,1,9876543210,9876543210,kuldeep.kumar@gmail.com,complete
2024-01-01,1,BHA20190926114960,235,2019-07-06,Reshma,NULL,developer,2002-10-27,male,1.jpg,mandawali,New delhi,1,1,9876543210,9876543210,BHA20190926114960@gmail.com,complete
2024-01-01,1,BHA20190926114966,235,2019-07-12,Nishita,NULL,developer,2002-10-28,male,1.jpg,mandawali,New delhi,1,1,9876543210,9876543210,BHA20190926114966@gmail.com,running
2024-01-01,1,BHA20191113116400,3,2019-07-18,Menka,NULL,developer,2002-10-29,male,1.jpg,mandawali,New delhi,1,1,9876543210,9876543210,BHA20191113116400@gmail.com,complete
2024-01-01,9,NDS20191118116527,3,2019-07-19,Neelam Kumari,NULL,developer,2002-10-30,male,1.jpg,mandawali,New delhi,1,1,9876543210,9876543210,neelam.kumari@gmail.com,complete
2024-01-01,1,BHA20190926114964,235,2019-08-01,Jigyasa Tripathi,NULL,developer,2002-10-31,male,1.jpg,mandawali,New delhi,1,1,9876543210,9876543210,jigyasa.tripathi@gmail.com,complete
2024-01-01,9,NDS20191118116531,3,2019-08-01,Manoj Kumar,NULL,developer,2002-11-01,male,1.jpg,mandawali,New delhi,1,1,9876543210,9876543210,manoj.kumar@gmail.com,complete
2024-01-01,9,NDS20191118116537,3,2019-08-03,Sumit Kumar,NULL,developer,2002-11-02,male,1.jpg,mandawali,New delhi,1,1,9876543210,9876543210,sumit.kumar@gmail.com,complete
2024-01-01,9,NDS20191118116533,3,2019-08-05,Amit Kumar,NULL,developer,2002-11-03,male,1.jpg,mandawali,New delhi,1,1,9876543210,9876543210,amit.kumar@gmail.com,complete
2024-01-01,1,BHA20191113116399,235,2019-08-08,Anuj Bahuguna,NULL,developer,2002-11-04,male,1.jpg,mandawali,New delhi,1,1,9876543210,9876543210,anuj.bahuguna@gmail.com,complete
2024-01-01,1,BHA20191113116401,235,2019-08-13,Priya Kumari,NULL,developer,2002-11-05,male,1.jpg,mandawali,New delhi,1,1,9876543210,9876543210,priya.kumari@gmail.com,running
2024-01-01,7,PLG20190828113895,40,2019-08-14,Krupa Pimple,NULL,developer,2002-11-06,male,1.jpg,mandawali,New delhi,1,1,9876543210,9876543210,krupa.pimple@gmail.com,complete
2024-01-01,1,BHA20190926114959,235,2019-08-27,Anandita Gupta,NULL,developer,2002-11-07,male,1.jpg,mandawali,New delhi,1,1,9876543210,9876543210,anandita.gupta@gmail.com,running
2024-01-01,1,BHA20191113116397,235,2019-09-11,Seema,NULL,developer,2002-11-08,male,1.jpg,mandawali,New delhi,1,1,9876543210,9876543210,BHA20191113116397@gmail.com,running
2024-01-01,1,BHA20191113116398,235,2019-09-16,Pooja,NULL,developer,2002-11-09,male,1.jpg,mandawali,New delhi,1,1,9876543210,9876543210,BHA20191113116398@gmail.com,running
2024-01-01,1,BHA20191113116402,3,2019-10-06,Ritik Kushwaha,NULL,developer,2002-11-10,male,1.jpg,mandawali,New delhi,1,1,9876543210,9876543210,ritik.kushwaha@gmail.com,running
2024-01-01,7,"PLG20191116116460, 36",141,2019-10-30,Mayuri Ankush Sankhe,NULL,developer,2002-11-11,male,1.jpg,mandawali,New delhi,1,1,9876543210,9876543210,mayuri.ankushsankhe@gmail.com,running
2024-01-01,7,PLG20191116116460,40,2019-10-30,Mayuri Ankush Sankhe,NULL,developer,2002-11-12,male,1.jpg,mandawali,New delhi,1,1,9876543210,9876543210,mayuri.ankushsankhe@gmail.com,complete
2024-01-01,7,PLG20191116116458,40,2019-11-01,Sushant N Kanhat,NULL,developer,2002-11-13,male,1.jpg,mandawali,New delhi,1,1,9876543210,9876543210,sushant.nkanhat@gmail.com,complete
2024-01-01,7,PLG20191115116436,141,2019-11-02,Mayuri Ankush Sankhe,NULL,developer,2002-11-14,male,1.jpg,mandawali,New delhi,1,1,9876543210,9876543210,mayuri.ankushsankhe@gmail.com,complete
2024-01-01,7,PLG20191116116457,141,2019-11-06,Deepak R Bhurkud,NULL,developer,2002-11-15,male,1.jpg,mandawali,New delhi,1,1,9876543210,9876543210,deepak.rbhurkud@gmail.com,complete
2024-01-01,9,NDS20210701127450,3,2020-01-05,Rajnish Kumar,NULL,developer,2002-11-16,male,1.jpg,mandawali,New delhi,1,1,9876543210,9876543210,rajnish.kumar@gmail.com,complete
2024-01-01,9,NDS20210701127449,3,2020-01-05,Kranti Raj,NULL,developer,2002-11-17,male,1.jpg,mandawali,New delhi,1,1,9876543210,9876543210,kranti.raj@gmail.com,complete
2024-01-01,9,NDS20200314119586,3,2020-01-07,Komal,NULL,developer,2002-11-18,male,1.jpg,mandawali,New delhi,1,1,9876543210,9876543210,NDS20200314119586@gmail.com,running
2024-01-01,9,NDS20210430127137,3,2020-02-10,Abhishek Kumar Dixit,NULL,developer,2002-11-19,male,1.jpg,mandawali,New delhi,1,1,9876543210,9876543210,abhishek.kumardixit@gmail.com,complete
2024-01-01,9,NDS20200314119585,238,2020-02-12,Ganesh Prasad,NULL,developer,2002-11-20,male,1.jpg,mandawali,New delhi,1,1,9876543210,9876543210,ganesh.prasad@gmail.com,running
2024-01-01,2,KOP20210619127349,3,2020-02-13,Pinki Kumari,NULL,developer,2002-11-21,male,1.jpg,mandawali,New delhi,1,1,9876543210,9876543210,pinki.kumari@gmail.com,complete
2024-01-01,2,KOP20221116146844,3,2020-02-15,Jyoti Maddheshiya,NULL,developer,2002-11-22,male,1.jpg,mandawali,New delhi,1,1,9876543210,9876543210,jyoti.maddheshiya@gmail.com,complete
2024-01-01,2,KOP20211023131179,49,2020-02-15,Eisha Kumari,NULL,developer,2002-11-23,male,1.jpg,mandawali,New delhi,1,1,9876543210,9876543210,eisha.kumari@gmail.com,complete
2024-01-01,3,NEA20210414126874,53,2020-02-22,Krishna,NULL,developer,2002-11-24,male,1.jpg,mandawali,New delhi,1,1,9876543210,9876543210,NEA20210414126874@gmail.com,running
2024-01-01,2,KOP20210407126718,3,2020-03-01,Saroj Kumar Manjhi,NULL,developer,2002-11-25,male,1.jpg,mandawali,New delhi,1,1,9876543210,9876543210,saroj.kumarmanjhi@gmail.com,complete
2024-01-01,2,KOP20210407126717,3,2020-03-01,Alok Kumar Mahato,NULL,developer,2002-11-26,male,1.jpg,mandawali,New delhi,1,1,9876543210,9876543210,alok.kumarmahato@gmail.com,complete
2024-01-01,2,KOP20210407126716,3,2020-03-01,Jeetu Kumar Sharma,NULL,developer,2002-11-27,male,1.jpg,mandawali,New delhi,1,1,9876543210,9876543210,jeetu.kumarsharma@gmail.com,complete
2024-01-01,2,KOP20210407126715,3,2020-03-01,Pintu Kumar Singh,NULL,developer,2002-11-28,male,1.jpg,mandawali,New delhi,1,1,9876543210,9876543210,pintu.kumarsingh@gmail.com,complete
2024-01-01,2,KOP20210407126714,3,2020-03-01,Vishnu Pandey,NULL,developer,2002-11-29,male,1.jpg,mandawali,New delhi,1,1,9876543210,9876543210,vishnu.pandey@gmail.com,complete
2024-01-01,2,KOP20210407126713,3,2020-03-01,Sneha Kumari,NULL,developer,2002-11-30,male,1.jpg,mandawali,New delhi,1,1,9876543210,9876543210,sneha.kumari@gmail.com,complete
2024-01-01,2,KOP20210407126712,3,2020-03-01,Sapna Kumari,NULL,developer,2002-12-01,male,1.jpg,mandawali,New delhi,1,1,9876543210,9876543210,sapna.kumari@gmail.com,complete
2024-01-01,2,KOP20210407126711,3,2020-03-01,Satyendra Kumar Ray,NULL,developer,2002-12-02,male,1.jpg,mandawali,New delhi,1,1,9876543210,9876543210,satyendra.kumarray@gmail.com,complete
2024-01-01,2,KOP20210407126710,3,2020-03-01,Mithilesh Kumar Singh,NULL,developer,2002-12-03,male,1.jpg,mandawali,New delhi,1,1,9876543210,9876543210,mithilesh.kumarsingh@gmail.com,complete
2024-01-01,2,KOP20210407126709,3,2020-03-01,Monu Kumar Pandey,NULL,developer,2002-12-04,male,1.jpg,mandawali,New delhi,1,1,9876543210,9876543210,monu.kumarpandey@gmail.com,complete
2024-01-01,2,KOP20210407126708,3,2020-03-01,Suhani Kumari,NULL,developer,2002-12-05,male,1.jpg,mandawali,New delhi,1,1,9876543210,9876543210,suhani.kumari@gmail.com,complete
2024-01-01,2,KOP20210407126707,3,2020-03-01,Subhash Kumar Singh,NULL,developer,2002-12-06,male,1.jpg,mandawali,New delhi,1,1,9876543210,9876543210,subhash.kumarsingh@gmail.com,complete
2024-01-01,2,KOP20210407126706,3,2020-03-01,Ritesh Kumar Mahato,NULL,developer,2002-12-07,male,1.jpg,mandawali,New delhi,1,1,9876543210,9876543210,ritesh.kumarmahato@gmail.com,complete
2024-01-01,2,KOP20210407126705,3,2020-03-01,Pushpa Kumari,NULL,developer,2002-12-08,male,1.jpg,mandawali,New delhi,1,1,9876543210,9876543210,pushpa.kumari@gmail.com,complete
2024-01-01,2,KOP20210407126704,3,2020-03-01,Vishal Kumar Singh,NULL,developer,2002-12-09,male,1.jpg,mandawali,New delhi,1,1,9876543210,9876543210,vishal.kumarsingh@gmail.com,complete
2024-01-01,2,KOP20210407126703,3,2020-03-01,Shivam Kumar Yadav,NULL,developer,2002-12-10,male,1.jpg,mandawali,New delhi,1,1,9876543210,9876543210,shivam.kumaryadav@gmail.com,complete
2024-01-01,2,KOP20210407126702,3,2020-03-01,Rahul Kumar Ram,NULL,developer,2002-12-11,male,1.jpg,mandawali,New delhi,1,1,9876543210,9876543210,rahul.kumarram@gmail.com,complete
2024-01-01,2,KOP20210407126701,235,2020-03-01,Ajmat Ali,NULL,developer,2002-12-12,male,1.jpg,mandawali,New delhi,1,1,9876543210,9876543210,ajmat.ali@gmail.com,complete
2024-01-01,2,KOP20210407126700,235,2020-03-01,Mantosh Kumar Singh,NULL,developer,2002-12-13,male,1.jpg,mandawali,New delhi,1,1,9876543210,9876543210,mantosh.kumarsingh@gmail.com,complete
2024-01-01,2,KOP20210407126699,8,2020-03-01,Ankita Kumari,NULL,developer,2002-12-14,male,1.jpg,mandawali,New delhi,1,1,9876543210,9876543210,ankita.kumari@gmail.com,complete
2024-01-01,2,KOP20210407126698,8,2020-03-01,Saurabh Varnwal,NULL,developer,2002-12-15,male,1.jpg,mandawali,New delhi,1,1,9876543210,9876543210,saurabh.varnwal@gmail.com,complete
2024-01-01,2,KOP20210407126697,3,2020-03-01,Priyanshu Kumar,NULL,developer,2002-12-16,male,1.jpg,mandawali,New delhi,1,1,9876543210,9876543210,priyanshu.kumar@gmail.com,complete
2024-01-01,2,KOP20210407126696,3,2020-03-01,Sonu Kumar Paswan,NULL,developer,2002-12-17,male,1.jpg,mandawali,New delhi,1,1,9876543210,9876543210,sonu.kumarpaswan@gmail.com,complete
2024-01-01,2,KOP20210407126695,3,2020-03-01,Vikash Kumar Yadav,NULL,developer,2002-12-18,male,1.jpg,mandawali,New delhi,1,1,9876543210,9876543210,vikash.kumaryadav@gmail.com,complete
2024-01-01,3,NEA20210414126871,47,2020-03-02,Gulshan Sharma,NULL,developer,2002-12-19,male,1.jpg,mandawali,New delhi,1,1,9876543210,9876543210,gulshan.sharma@gmail.com,complete
2024-01-01,3,NEA20210414126870,47,2020-03-07,Sachin Gautam,NULL,developer,2002-12-20,male,1.jpg,mandawali,New delhi,1,1,9876543210,9876543210,sachin.gautam@gmail.com,complete
2024-01-01,2,KOP20210619127350,3,2020-03-13,Sapna Kumari,NULL,developer,2002-12-21,male,1.jpg,mandawali,New delhi,1,1,9876543210,9876543210,sapna.kumari@gmail.com,complete
2024-01-01,9,NDS20210430127136,235,2020-03-14,Priyanshu,NULL,developer,2002-12-22,male,1.jpg,mandawali,New delhi,1,1,9876543210,9876543210,NDS20210430127136@gmail.com,complete
2024-01-01,2,KOP20211102131465,3,2020-03-15,Sarita Kumari,NULL,developer,2002-12-23,male,1.jpg,mandawali,New delhi,1,1,9876543210,9876543210,sarita.kumari@gmail.com,complete
2024-01-01,2,KOP20211102131464,3,2020-03-18,Sonu Kumar Ray,NULL,developer,2002-12-24,male,1.jpg,mandawali,New delhi,1,1,9876543210,9876543210,sonu.kumarray@gmail.com,complete
2024-01-01,1,BHA20200118118014,3,2020-05-05,Manisha Rawat,NULL,developer,2002-12-25,male,1.jpg,mandawali,New delhi,1,1,9876543210,9876543210,manisha.rawat@gmail.com,complete
2024-01-01,9,NDS20210827129054,3,2020-05-20,Yogendra Singh,NULL,developer,2002-12-26,male,1.jpg,mandawali,New delhi,1,1,9876543210,9876543210,yogendra.singh@gmail.com,complete
2024-01-01,3,NEA20210414126878,4,2020-08-21,Rohit Kumar,NULL,developer,2002-12-27,male,1.jpg,mandawali,New delhi,1,1,9876543210,9876543210,rohit.kumar@gmail.com,running
2024-01-01,1,BHA20210414126855,3,2020-09-12,Hibaiqrar,NULL,developer,2002-12-28,male,1.jpg,mandawali,New delhi,1,1,9876543210,9876543210,BHA20210414126855@gmail.com,running
2024-01-01,3,NEA20210414126879,4,2020-09-29,Sunny Thakur,NULL,developer,2002-12-29,male,1.jpg,mandawali,New delhi,1,1,9876543210,9876543210,sunny.thakur@gmail.com,running
2024-01-01,1,BHA20210414126854,3,2020-10-06,Aarti,NULL,developer,2002-12-30,male,1.jpg,mandawali,New delhi,1,1,9876543210,9876543210,BHA20210414126854@gmail.com,running
2024-01-01,3,NEA20210414126881,47,2020-10-08,Ravi Kumar,NULL,developer,2002-12-31,male,1.jpg,mandawali,New delhi,1,1,9876543210,9876543210,ravi.kumar@gmail.com,running
2024-01-01,3,NEA20210414126883,47,2020-10-24,Harsh Diwakar,NULL,developer,2003-01-01,male,1.jpg,mandawali,New delhi,1,1,9876543210,9876543210,harsh.diwakar@gmail.com,complete
2024-01-01,3,NEA20210414126882,47,2020-10-24,Vikas Kumar,NULL,developer,2003-01-02,male,1.jpg,mandawali,New delhi,1,1,9876543210,9876543210,vikas.kumar@gmail.com,complete
2024-01-01,3,NEA20210414126885,47,2020-11-02,Sonu Kushwaha,NULL,developer,2003-01-03,male,1.jpg,mandawali,New delhi,1,1,9876543210,9876543210,sonu.kushwaha@gmail.com,running
2024-01-01,3,NEA20210414126873,21,2020-11-07,Kajal,NULL,developer,2003-01-04,male,1.jpg,mandawali,New delhi,1,1,9876543210,9876543210,NEA20210414126873@gmail.com,running
2024-01-01,3,NEA20210414126886,25,2020-11-21,Ayushi,NULL,developer,2003-01-05,male,1.jpg,mandawali,New delhi,1,1,9876543210,9876543210,NEA20210414126886@gmail.com,running
2024-01-01,3,NEA20210414126876,25,2020-11-21,Mahak Kashyap,NULL,developer,2003-01-06,male,1.jpg,mandawali,New delhi,1,1,9876543210,9876543210,mahak.kashyap@gmail.com,running
2024-01-01,1,BHA20200118118016,235,2020-12-16,Preeti Pal,NULL,developer,2003-01-07,male,1.jpg,mandawali,New delhi,1,1,9876543210,9876543210,preeti.pal@gmail.com,complete
2024-01-01,1,BHA20210414126856,50,2020-12-20,Akanksha Datta,NULL,developer,2003-01-08,male,1.jpg,mandawali,New delhi,1,1,9876543210,9876543210,akanksha.datta@gmail.com,complete
2024-01-01,3,NEA20210414126868,44,2021-01-21,Aman Tyagi,NULL,developer,2003-01-09,male,1.jpg,mandawali,New delhi,1,1,9876543210,9876543210,aman.tyagi@gmail.com,complete
2024-01-01,1,BHA20210414126852,3,2021-01-23,Sanjana,NULL,developer,2003-01-10,male,1.jpg,mandawali,New delhi,1,1,9876543210,9876543210,BHA20210414126852@gmail.com,complete
2024-01-01,1,BHA20210414126851,3,2021-01-23,Simran,NULL,developer,2003-01-11,male,1.jpg,mandawali,New delhi,1,1,9876543210,9876543210,BHA20210414126851@gmail.com,running
2024-01-01,3,NEA20210414126869,44,2021-01-27,Aditya Kaushik,NULL,developer,2003-01-12,male,1.jpg,mandawali,New delhi,1,1,9876543210,9876543210,aditya.kaushik@gmail.com,complete
2024-01-01,3,NEA20210414126884,47,2021-01-28,Sweety Kumari,NULL,developer,2003-01-13,male,1.jpg,mandawali,New delhi,1,1,9876543210,9876543210,sweety.kumari@gmail.com,running
2024-01-01,2,KOP20210927130229,49,2021-01-28,Gunja Kumari,NULL,developer,2003-01-14,male,1.jpg,mandawali,New delhi,1,1,9876543210,9876543210,gunja.kumari@gmail.com,running
2024-01-01,3,NEA20210414126880,47,2021-02-02,Tarun Kant,NULL,developer,2003-01-15,male,1.jpg,mandawali,New delhi,1,1,9876543210,9876543210,tarun.kant@gmail.com,running
2024-01-01,1,BHA20210922130097,50,2021-02-02,Premchand Kumar,NULL,developer,2003-01-16,male,1.jpg,mandawali,New delhi,1,1,9876543210,9876543210,premchand.kumar@gmail.com,running
2024-01-01,9,NDS20210626127411,3,2021-02-09,Sagar,NULL,developer,2003-01-17,male,1.jpg,mandawali,New delhi,1,1,9876543210,9876543210,NDS20210626127411@gmail.com,complete
2024-01-01,2,KOP20211020131100,49,2021-02-10,Gulab Kumar Yadav,NULL,developer,2003-01-18,male,1.jpg,mandawali,New delhi,1,1,9876543210,9876543210,gulab.kumaryadav@gmail.com,complete
2024-01-01,9,NDS20210626127413,238,2021-02-11,Sumati Verma,NULL,developer,2003-01-19,male,1.jpg,mandawali,New delhi,1,1,9876543210,9876543210,sumati.verma@gmail.com,complete
2024-01-01,3,NEA20210414126867,49,2021-02-12,Manish,NULL,developer,2003-01-20,male,1.jpg,mandawali,New delhi,1,1,9876543210,9876543210,NEA20210414126867@gmail.com,complete
2024-01-01,1,BHA20210414126853,3,2021-02-13,Dharmesh Kumar,NULL,developer,2003-01-21,male,1.jpg,mandawali,New delhi,1,1,9876543210,9876543210,dharmesh.kumar@gmail.com,running
2024-01-01,2,KOP20211020131099,3,2021-02-15,Abhishek Kumar,NULL,developer,2003-01-22,male,1.jpg,mandawali,New delhi,1,1,9876543210,9876543210,abhishek.kumar@gmail.com,complete
2024-01-01,9,NDS20210626127412,238,2021-02-18,Sajana,NULL,developer,2003-01-23,male,1.jpg,mandawali,New delhi,1,1,9876543210,9876543210,NDS20210626127412@gmail.com,complete
2024-01-01,3,NEA20210414126875,102,2021-02-19,Deepak Gupta,NULL,developer,2003-01-24,male,1.jpg,mandawali,New delhi,1,1,9876543210,9876543210,deepak.gupta@gmail.com,running
2024-01-01,3,NEA20210414126877,4,2021-02-26,Himanshu,NULL,developer,2003-01-25,male,1.jpg,mandawali,New delhi,1,1,9876543210,9876543210,NEA20210414126877@gmail.com,running
2024-01-01,5,CPR20231107160992,3,2021-03-03,Muskan Kumari,NULL,developer,2003-01-26,male,1.jpg,mandawali,New delhi,1,1,9876543210,9876543210,muskan.kumari@gmail.com,complete
2024-01-01,9,NDS20210419126979,235,2021-03-29,Sweta Srivastava,NULL,developer,2003-01-27,male,1.jpg,mandawali,New delhi,1,1,9876543210,9876543210,sweta.srivastava@gmail.com,complete
2024-01-01,9,NDS20210419126978,235,2021-04-11,Sundar Singh,NULL,developer,2003-01-28,male,1.jpg,mandawali,New delhi,1,1,9876543210,9876543210,sundar.singh@gmail.com,complete
2024-01-01,9,NDS20210419126977,3,2021-04-12,Ragni,NULL,developer,2003-01-29,male,1.jpg,mandawali,New delhi,1,1,9876543210,9876543210,NDS20210419126977@gmail.com,complete
2024-01-01,9,NDS20210626127410,238,2021-04-19,Nandani Jha,NULL,developer,2003-01-30,male,1.jpg,mandawali,New delhi,1,1,9876543210,9876543210,nandani.jha@gmail.com,complete
2024-01-01,9,NDS20210419126976,3,2021-04-21,Akansha,NULL,developer,2003-01-31,male,1.jpg,mandawali,New delhi,1,1,9876543210,9876543210,NDS20210419126976@gmail.com,complete
2024-01-01,9,NDS20210626127409,238,2021-04-22,Sonal Singh,NULL,developer,2003-02-01,male,1.jpg,mandawali,New delhi,1,1,9876543210,9876543210,sonal.singh@gmail.com,complete
2024-01-01,9,NDS20220913144559,3,2021-05-17,Rohit Kumar,NULL,developer,2003-02-02,male,1.jpg,mandawali,New delhi,1,1,9876543210,9876543210,rohit.kumar@gmail.com,complete
2024-01-01,9,NDS20220913144557,3,2021-05-17,Rajesh Kumar,NULL,developer,2003-02-03,male,1.jpg,mandawali,New delhi,1,1,9876543210,9876543210,rajesh.kumar@gmail.com,complete
2024-01-01,9,NDS20220913144556,3,2021-05-19,Ankit Kumar,NULL,developer,2003-02-04,male,1.jpg,mandawali,New delhi,1,1,9876543210,9876543210,ankit.kumar@gmail.com,running
2024-01-01,9,NDS20220913144558,235,2021-05-20,Yash Solanki,NULL,developer,2003-02-05,male,1.jpg,mandawali,New delhi,1,1,9876543210,9876543210,yash.solanki@gmail.com,complete
2024-01-01,9,NDS20220913144561,3,2021-05-24,Vishakha Khari,NULL,developer,2003-02-06,male,1.jpg,mandawali,New delhi,1,1,9876543210,9876543210,vishakha.khari@gmail.com,complete
2024-01-01,2,KOP20211023131180,49,2021-06-02,Jamal Anwar,NULL,developer,2003-02-07,male,1.jpg,mandawali,New delhi,1,1,9876543210,9876543210,jamal.anwar@gmail.com,complete
2024-01-01,2,KOP20210927130233,49,2021-06-27,Neha Kumari,NULL,developer,2003-02-08,male,1.jpg,mandawali,New delhi,1,1,9876543210,9876543210,neha.kumari@gmail.com,running
2024-01-01,2,KOP20210927130231,49,2021-06-27,Sonu Kumar Paswan,NULL,developer,2003-02-09,male,1.jpg,mandawali,New delhi,1,1,9876543210,9876543210,sonu.kumarpaswan@gmail.com,running
2024-01-01,2,KOP20210927130230,49,2021-06-27,Guddu Kumar,NULL,developer,2003-02-10,male,1.jpg,mandawali,New delhi,1,1,9876543210,9876543210,guddu.kumar@gmail.com,running
2024-01-01,1,BHA20210922130111,235,2021-07-01,Anchal Lathi,NULL,developer,2003-02-11,male,1.jpg,mandawali,New delhi,1,1,9876543210,9876543210,anchal.lathi@gmail.com,running
2024-01-01,3,NEA20210901129423,131,2021-07-01,Anushka,NULL,developer,2003-02-12,male,1.jpg,mandawali,New delhi,1,1,9876543210,9876543210,NEA20210901129423@gmail.com,running
2024-01-01,3,NEA20210901129422,131,2021-07-01,Harshprabha,NULL,developer,2003-02-13,male,1.jpg,mandawali,New delhi,1,1,9876543210,9876543210,NEA20210901129422@gmail.com,running
2024-01-01,3,NEA20210901129421,131,2021-07-01,Khushboo,NULL,developer,2003-02-14,male,1.jpg,mandawali,New delhi,1,1,9876543210,9876543210,NEA20210901129421@gmail.com,running
2024-01-01,3,NEA20210901129420,131,2021-07-01,Riya,NULL,developer,2003-02-15,male,1.jpg,mandawali,New delhi,1,1,9876543210,9876543210,NEA20210901129420@gmail.com,running
2024-01-01,3,NEA20210901129419,131,2021-07-01,Manisha Thapa,NULL,developer,2003-02-16,male,1.jpg,mandawali,New delhi,1,1,9876543210,9876543210,manisha.thapa@gmail.com,running
2024-01-01,3,NEA20210901129418,131,2021-07-01,Deepa,NULL,developer,2003-02-17,male,1.jpg,mandawali,New delhi,1,1,9876543210,9876543210,NEA20210901129418@gmail.com,running
2024-01-01,3,NEA20210901129417,131,2021-07-01,Shagun,NULL,developer,2003-02-18,male,1.jpg,mandawali,New delhi,1,1,9876543210,9876543210,NEA20210901129417@gmail.com,running
2024-01-01,3,NEA20210901129416,131,2021-07-01,Ayushi,NULL,developer,2003-02-19,male,1.jpg,mandawali,New delhi,1,1,9876543210,9876543210,NEA20210901129416@gmail.com,running
2024-01-01,3,NEA20210901129415,131,2021-07-01,Sushma Sunar,NULL,developer,2003-02-20,male,1.jpg,mandawali,New delhi,1,1,9876543210,9876543210,sushma.sunar@gmail.com,running
2024-01-01,3,NEA20210901129414,131,2021-07-01,Priyanka,NULL,developer,2003-02-21,male,1.jpg,mandawali,New delhi,1,1,9876543210,9876543210,NEA20210901129414@gmail.com,running
2024-01-01,3,NEA20210901129413,131,2021-07-01,Siya Rajkumari,NULL,developer,2003-02-22,male,1.jpg,mandawali,New delhi,1,1,9876543210,9876543210,siya.rajkumari@gmail.com,running
2024-01-01,3,NEA20210901129412,131,2021-07-01,Himanshi,NULL,developer,2003-02-23,male,1.jpg,mandawali,New delhi,1,1,9876543210,9876543210,NEA20210901129412@gmail.com,running
2024-01-01,3,NEA20210901129411,131,2021-07-01,Anushka,NULL,developer,2003-02-24,male,1.jpg,mandawali,New delhi,1,1,9876543210,9876543210,NEA20210901129411@gmail.com,running
2024-01-01,3,NEA20210901129410,131,2021-07-01,Swati Panchal,NULL,developer,2003-02-25,male,1.jpg,mandawali,New delhi,1,1,9876543210,9876543210,swati.panchal@gmail.com,running
2024-01-01,3,NEA20210901129409,131,2021-07-01,Payal Panchal,NULL,developer,2003-02-26,male,1.jpg,mandawali,New delhi,1,1,9876543210,9876543210,payal.panchal@gmail.com,running
2024-01-01,3,NEA20210901129408,131,2021-07-01,Alka Chauhan,NULL,developer,2003-02-27,male,1.jpg,mandawali,New delhi,1,1,9876543210,9876543210,alka.chauhan@gmail.com,running
2024-01-01,3,NEA20210901129407,131,2021-07-01,Garima Ahirwar,NULL,developer,2003-02-28,male,1.jpg,mandawali,New delhi,1,1,9876543210,9876543210,garima.ahirwar@gmail.com,running
2024-01-01,3,NEA20210901129406,131,2021-07-01,Neerja Mishra,NULL,developer,2003-03-01,male,1.jpg,mandawali,New delhi,1,1,9876543210,9876543210,neerja.mishra@gmail.com,running
2024-01-01,3,NEA20210901129405,131,2021-07-01,Renu,NULL,developer,2003-03-02,male,1.jpg,mandawali,New delhi,1,1,9876543210,9876543210,NEA20210901129405@gmail.com,running
2024-01-01,3,NEA20210901129404,131,2021-07-01,Nidhi,NULL,developer,2003-03-03,male,1.jpg,mandawali,New delhi,1,1,9876543210,9876543210,NEA20210901129404@gmail.com,running
2024-01-01,3,NEA20210901129403,131,2021-07-01,Sanju,NULL,developer,2003-03-04,male,1.jpg,mandawali,New delhi,1,1,9876543210,9876543210,NEA20210901129403@gmail.com,running
2024-01-01,3,NEA20210901129402,131,2021-07-01,Sayra,NULL,developer,2003-03-05,male,1.jpg,mandawali,New delhi,1,1,9876543210,9876543210,NEA20210901129402@gmail.com,running
2024-01-01,3,NEA20210901129401,131,2021-07-01,Meenakshi,NULL,developer,2003-03-06,male,1.jpg,mandawali,New delhi,1,1,9876543210,9876543210,NEA20210901129401@gmail.com,running
2024-01-01,1,BHA20210922130103,235,2021-07-10,Priyanshu,NULL,developer,2003-03-07,male,1.jpg,mandawali,New delhi,1,1,9876543210,9876543210,BHA20210922130103@gmail.com,running
2024-01-01,1,BHA20210922130102,235,2021-07-10,Prashant Negi,NULL,developer,2003-03-08,male,1.jpg,mandawali,New delhi,1,1,9876543210,9876543210,prashant.negi@gmail.com,running
2024-01-01,1,BHA20210922130099,235,2021-07-10,Rahul Gupta,NULL,developer,2003-03-09,male,1.jpg,mandawali,New delhi,1,1,9876543210,9876543210,rahul.gupta@gmail.com,running
2024-01-01,1,BHA20210922130109,235,2021-07-13,Hemant,NULL,developer,2003-03-10,male,1.jpg,mandawali,New delhi,1,1,9876543210,9876543210,BHA20210922130109@gmail.com,complete
2024-01-01,1,BHA20210922130107,3,2021-07-13,Preeti,NULL,developer,2003-03-11,male,1.jpg,mandawali,New delhi,1,1,9876543210,9876543210,BHA20210922130107@gmail.com,complete
2024-01-01,2,KOP20210729128056,3,2021-07-20,Saukat Ali,NULL,developer,2003-03-12,male,1.jpg,mandawali,New delhi,1,1,9876543210,9876543210,saukat.ali@gmail.com,complete
2024-01-01,1,BHA20220117133893,3,2021-08-11,Rajnish,NULL,developer,2003-03-13,male,1.jpg,mandawali,New delhi,1,1,9876543210,9876543210,BHA20220117133893@gmail.com,running
2024-01-01,1,BHA20220117133888,235,2021-08-12,Sohail,NULL,developer,2003-03-14,male,1.jpg,mandawali,New delhi,1,1,9876543210,9876543210,BHA20220117133888@gmail.com,complete
2024-01-01,1,BHA20220117133889,235,2021-08-17,Iram,NULL,developer,2003-03-15,male,1.jpg,mandawali,New delhi,1,1,9876543210,9876543210,BHA20220117133889@gmail.com,complete
2024-01-01,3,NEA20210414126872,47,2021-08-21,Shivam Kumar,NULL,developer,2003-03-16,male,1.jpg,mandawali,New delhi,1,1,9876543210,9876543210,shivam.kumar@gmail.com,complete
2024-01-01,2,KOP20210729128057,3,2021-08-24,Aniket Kumar Gupta,NULL,developer,2003-03-17,male,1.jpg,mandawali,New delhi,1,1,9876543210,9876543210,aniket.kumargupta@gmail.com,complete
2024-01-01,1,BHA20220117133890,3,2021-08-25,Rannuma,NULL,developer,2003-03-18,male,1.jpg,mandawali,New delhi,1,1,9876543210,9876543210,BHA20220117133890@gmail.com,running
2024-01-01,2,KOP20211012130862,49,2021-09-01,Prince Kumar Tiwari,NULL,developer,2003-03-19,male,1.jpg,mandawali,New delhi,1,1,9876543210,9876543210,prince.kumartiwari@gmail.com,complete
2024-01-01,2,KOP20211011130845,49,2021-09-01,Munna Kumar Yadav,NULL,developer,2003-03-20,male,1.jpg,mandawali,New delhi,1,1,9876543210,9876543210,munna.kumaryadav@gmail.com,complete
2024-01-01,2,KOP20211011130844,49,2021-09-01,Manish Kumar Ram,NULL,developer,2003-03-21,male,1.jpg,mandawali,New delhi,1,1,9876543210,9876543210,manish.kumarram@gmail.com,complete
2024-01-01,9,NDS20221012145604,3,2021-09-02,Km Pooja Kumari,NULL,developer,2003-03-22,male,1.jpg,mandawali,New delhi,1,1,9876543210,9876543210,km.poojakumari@gmail.com,complete
2024-01-01,9,NDS20221012145603,3,2021-09-02,Devendra Singh,NULL,developer,2003-03-23,male,1.jpg,mandawali,New delhi,1,1,9876543210,9876543210,devendra.singh@gmail.com,complete
2024-01-01,1,BHA20211202132392,3,2021-09-07,Deepanshu Choudhary,NULL,developer,2003-03-24,male,1.jpg,mandawali,New delhi,1,1,9876543210,9876543210,deepanshu.choudhary@gmail.com,complete
2024-01-01,1,BHA20220117133881,3,2021-09-07,Deeshu Rajput,NULL,developer,2003-03-25,male,1.jpg,mandawali,New delhi,1,1,9876543210,9876543210,deeshu.rajput@gmail.com,running
2024-01-01,9,NDS20221012145607,3,2021-09-09,Ankit,NULL,developer,2003-03-26,male,1.jpg,mandawali,New delhi,1,1,9876543210,9876543210,NDS20221012145607@gmail.com,complete
2024-01-01,1,BHA20211203132396,235,2021-09-14,Anant Chauhan,NULL,developer,2003-03-27,male,1.jpg,mandawali,New delhi,1,1,9876543210,9876543210,anant.chauhan@gmail.com,complete
2024-01-01,1,BHA20211203132408,235,2021-09-15,Yogpriya,NULL,developer,2003-03-28,male,1.jpg,mandawali,New delhi,1,1,9876543210,9876543210,BHA20211203132408@gmail.com,running
2024-01-01,1,BHA20211202132393,235,2021-09-15,Harshita Sharma,NULL,developer,2003-03-29,male,1.jpg,mandawali,New delhi,1,1,9876543210,9876543210,harshita.sharma@gmail.com,complete
2024-01-01,9,NDS20220913144562,238,2021-09-16,Vanshi Khari,NULL,developer,2003-03-30,male,1.jpg,mandawali,New delhi,1,1,9876543210,9876543210,vanshi.khari@gmail.com,complete
2024-01-01,1,BHA20211202132394,235,2021-09-18,Soni,NULL,developer,2003-03-31,male,1.jpg,mandawali,New delhi,1,1,9876543210,9876543210,BHA20211202132394@gmail.com,complete
2024-01-01,1,BHA20211203132407,235,2021-09-20,Shubham Rajbhar,NULL,developer,2003-04-01,male,1.jpg,mandawali,New delhi,1,1,9876543210,9876543210,shubham.rajbhar@gmail.com,running
2024-01-01,1,BHA20211203132404,235,2021-09-21,Deepak Kumar,NULL,developer,2003-04-02,male,1.jpg,mandawali,New delhi,1,1,9876543210,9876543210,deepak.kumar@gmail.com,running
2024-01-01,1,BHA20211203132405,235,2021-09-22,Nitin Kumar,NULL,developer,2003-04-03,male,1.jpg,mandawali,New delhi,1,1,9876543210,9876543210,nitin.kumar@gmail.com,complete
2024-01-01,1,BHA20211203132397,3,2021-09-25,Vijay Kumar,NULL,developer,2003-04-04,male,1.jpg,mandawali,New delhi,1,1,9876543210,9876543210,vijay.kumar@gmail.com,running
2024-01-01,9,NDS20220913144560,238,2021-09-28,Priyanshi Khari,NULL,developer,2003-04-05,male,1.jpg,mandawali,New delhi,1,1,9876543210,9876543210,priyanshi.khari@gmail.com,complete
2024-01-01,1,BHA20220418137347,235,2021-10-01,Manju,NULL,developer,2003-04-06,male,1.jpg,mandawali,New delhi,1,1,9876543210,9876543210,BHA20220418137347@gmail.com,complete
2024-01-01,1,BHA20220117133887,235,2021-10-04,Rajat Chauhan,NULL,developer,2003-04-07,male,1.jpg,mandawali,New delhi,1,1,9876543210,9876543210,rajat.chauhan@gmail.com,complete
2024-01-01,1,BHA20220117133886,235,2021-10-07,Vishal Kumar,NULL,developer,2003-04-08,male,1.jpg,mandawali,New delhi,1,1,9876543210,9876543210,vishal.kumar@gmail.com,running
2024-01-01,1,BHA20220629140942,3,2021-10-11,Khushi Sharma,NULL,developer,2003-04-09,male,1.jpg,mandawali,New delhi,1,1,9876543210,9876543210,khushi.sharma@gmail.com,complete
2024-01-01,1,BHA20220117133883,235,2021-10-12,Lalit Kumar,NULL,developer,2003-04-10,male,1.jpg,mandawali,New delhi,1,1,9876543210,9876543210,lalit.kumar@gmail.com,complete
2024-01-01,1,BHA20220117133891,3,2021-10-13,Prince Singh,NULL,developer,2003-04-11,male,1.jpg,mandawali,New delhi,1,1,9876543210,9876543210,prince.singh@gmail.com,complete
2024-01-01,1,BHA20220117133882,235,2021-10-18,Sunil,NULL,developer,2003-04-12,male,1.jpg,mandawali,New delhi,1,1,9876543210,9876543210,BHA20220117133882@gmail.com,running
2024-01-01,1,BHA20220117133900,235,2021-10-21,Bishnu Bashiyal,NULL,developer,2003-04-13,male,1.jpg,mandawali,New delhi,1,1,9876543210,9876543210,bishnu.bashiyal@gmail.com,running
2024-01-01,1,BHA20221209147382,50,2021-11-10,Mahima,NULL,developer,2003-04-14,male,1.jpg,mandawali,New delhi,1,1,9876543210,9876543210,BHA20221209147382@gmail.com,complete
2024-01-01,1,BHA20220117133884,235,2021-11-12,Tannu Kumari,NULL,developer,2003-04-15,male,1.jpg,mandawali,New delhi,1,1,9876543210,9876543210,tannu.kumari@gmail.com,running
2024-01-01,1,BHA20220117133894,235,2021-11-15,Arjun Kumar,NULL,developer,2003-04-16,male,1.jpg,mandawali,New delhi,1,1,9876543210,9876543210,arjun.kumar@gmail.com,complete
2024-01-01,1,BHA20220117133885,235,2021-11-15,Rohit Kumar,NULL,developer,2003-04-17,male,1.jpg,mandawali,New delhi,1,1,9876543210,9876543210,rohit.kumar@gmail.com,running
2024-01-01,1,BHA20220418137346,235,2021-12-01,Gaurav Kumar,NULL,developer,2003-04-18,male,1.jpg,mandawali,New delhi,1,1,9876543210,9876543210,gaurav.kumar@gmail.com,complete
2024-01-01,1,BHA20220418137344,235,2021-12-02,Sanjeet Kumar,NULL,developer,2003-04-19,male,1.jpg,mandawali,New delhi,1,1,9876543210,9876543210,sanjeet.kumar@gmail.com,running
2024-01-01,1,BHA20220117133892,3,2021-12-15,Keshvi Sanwal,NULL,developer,2003-04-20,male,1.jpg,mandawali,New delhi,1,1,9876543210,9876543210,keshvi.sanwal@gmail.com,running
2024-01-01,5,CPR20231223162248,3,2022-01-01,Rajnish Kumar Paswan,NULL,developer,2003-04-21,male,1.jpg,mandawali,New delhi,1,1,9876543210,9876543210,rajnish.kumarpaswan@gmail.com,complete
2024-01-01,5,CPR20231221162099,3,2022-01-01,Sangita Kumari,NULL,developer,2003-04-22,male,1.jpg,mandawali,New delhi,1,1,9876543210,9876543210,sangita.kumari@gmail.com,complete
2024-01-01,1,BHA20220418137340,235,2022-01-03,Akash Kumar,NULL,developer,2003-04-23,male,1.jpg,mandawali,New delhi,1,1,9876543210,9876543210,akash.kumar@gmail.com,complete
2024-01-01,5,CPR20231204161684,3,2022-01-03,Siddhant Kumar Singh,NULL,developer,2003-04-24,male,1.jpg,mandawali,New delhi,1,1,9876543210,9876543210,siddhant.kumarsingh@gmail.com,complete
2024-01-01,5,CPR20231204161681,3,2022-01-03,Sweety Kumari,NULL,developer,2003-04-25,male,1.jpg,mandawali,New delhi,1,1,9876543210,9876543210,sweety.kumari@gmail.com,complete
2024-01-01,5,CPR20231124161408,3,2022-01-03,Abhimanyu Kumar,NULL,developer,2003-04-26,male,1.jpg,mandawali,New delhi,1,1,9876543210,9876543210,abhimanyu.kumar@gmail.com,complete
2024-01-01,5,CPR20231206161734,3,2022-01-04,Samir Kumar Yadav,NULL,developer,2003-04-27,male,1.jpg,mandawali,New delhi,1,1,9876543210,9876543210,samir.kumaryadav@gmail.com,complete
2024-01-01,5,CPR20231206161733,3,2022-01-04,Amit Kumar,NULL,developer,2003-04-28,male,1.jpg,mandawali,New delhi,1,1,9876543210,9876543210,amit.kumar@gmail.com,complete
2024-01-01,5,CPR20231204161687,3,2022-01-04,Nisha Kumari,NULL,developer,2003-04-29,male,1.jpg,mandawali,New delhi,1,1,9876543210,9876543210,nisha.kumari@gmail.com,complete
2024-01-01,5,CPR20231204161683,3,2022-01-04,Sony Kumari,NULL,developer,2003-04-30,male,1.jpg,mandawali,New delhi,1,1,9876543210,9876543210,sony.kumari@gmail.com,complete
2024-01-01,5,CPR20231128161559,3,2022-01-04,Anshu Kumari,NULL,developer,2003-05-01,male,1.jpg,mandawali,New delhi,1,1,9876543210,9876543210,anshu.kumari@gmail.com,complete
2024-01-01,5,CPR20231114161173,3,2022-01-04,Sonam Kumari,NULL,developer,2003-05-02,male,1.jpg,mandawali,New delhi,1,1,9876543210,9876543210,sonam.kumari@gmail.com,complete
2024-01-01,5,CPR20231114161171,3,2022-01-04,Nisha Kumari,NULL,developer,2003-05-03,male,1.jpg,mandawali,New delhi,1,1,9876543210,9876543210,nisha.kumari@gmail.com,complete
2024-01-01,5,CPR20231110161103,3,2022-01-04,Soni Kumari,NULL,developer,2003-05-04,male,1.jpg,mandawali,New delhi,1,1,9876543210,9876543210,soni.kumari@gmail.com,complete
2024-01-01,1,BHA20220418137342,235,2022-01-05,Himanshu Kashyap,NULL,developer,2003-05-05,male,1.jpg,mandawali,New delhi,1,1,9876543210,9876543210,himanshu.kashyap@gmail.com,complete
2024-01-01,5,CPR20231205161705,3,2022-01-05,Aditya Kumar,NULL,developer,2003-05-06,male,1.jpg,mandawali,New delhi,1,1,9876543210,9876543210,aditya.kumar@gmail.com,complete
2024-01-01,5,CPR20231128161558,3,2022-01-05,Priyanka Kumari,NULL,developer,2003-05-07,male,1.jpg,mandawali,New delhi,1,1,9876543210,9876543210,priyanka.kumari@gmail.com,complete
2024-01-01,5,CPR20231103160892,3,2022-01-05,Chandan Kumar Yadav,NULL,developer,2003-05-08,male,1.jpg,mandawali,New delhi,1,1,9876543210,9876543210,chandan.kumaryadav@gmail.com,complete
2024-01-01,5,CPR20231106160926,3,2022-01-06,Sonu Kumar Sah,NULL,developer,2003-05-09,male,1.jpg,mandawali,New delhi,1,1,9876543210,9876543210,sonu.kumarsah@gmail.com,complete
2024-01-01,1,BHA20220418137343,235,2022-01-07,Ankit Kumar Ram,NULL,developer,2003-05-10,male,1.jpg,mandawali,New delhi,1,1,9876543210,9876543210,ankit.kumarram@gmail.com,complete
2024-01-01,1,BHA20220418137341,235,2022-01-07,Aaditya Chauhan,NULL,developer,2003-05-11,male,1.jpg,mandawali,New delhi,1,1,9876543210,9876543210,aaditya.chauhan@gmail.com,running
2024-01-01,1,BHA20220418137345,235,2022-01-10,Akshay Kumar Vishnoi,NULL,developer,2003-05-12,male,1.jpg,mandawali,New delhi,1,1,9876543210,9876543210,akshay.kumarvishnoi@gmail.com,running
2024-01-01,1,BHA20220418137339,3,2022-01-10,Dharmendra Saini,NULL,developer,2003-05-13,male,1.jpg,mandawali,New delhi,1,1,9876543210,9876543210,dharmendra.saini@gmail.com,running
2024-01-01,1,BHA20220418137338,3,2022-01-10,Narendra Kumar,NULL,developer,2003-05-14,male,1.jpg,mandawali,New delhi,1,1,9876543210,9876543210,narendra.kumar@gmail.com,running
2024-01-01,1,BHA20220629140941,235,2022-01-10,Mohit Kumar,NULL,developer,2003-05-15,male,1.jpg,mandawali,New delhi,1,1,9876543210,9876543210,mohit.kumar@gmail.com,complete
2024-01-01,1,BHA20230124149157,3,2022-01-10,Kiran,NULL,developer,2003-05-16,male,1.jpg,mandawali,New delhi,1,1,9876543210,9876543210,BHA20230124149157@gmail.com,complete
2024-01-01,5,CPR20231205161731,3,2022-01-12,Vikash Raj,NULL,developer,2003-05-17,male,1.jpg,mandawali,New delhi,1,1,9876543210,9876543210,vikash.raj@gmail.com,complete
2024-01-01,1,BHA20220629140948,235,2022-01-20,Raj Kumar,NULL,developer,2003-05-18,male,1.jpg,mandawali,New delhi,1,1,9876543210,9876543210,raj.kumar@gmail.com,complete
2024-01-01,5,CPR20231122161370,3,2022-02-01,Prakarsh Kumar Harshit,NULL,developer,2003-05-19,male,1.jpg,mandawali,New delhi,1,1,9876543210,9876543210,prakarsh.kumarharshit@gmail.com,complete
2024-01-01,5,CPR20231122161368,3,2022-02-01,Pratyush Kumar Harshit,NULL,developer,2003-05-20,male,1.jpg,mandawali,New delhi,1,1,9876543210,9876543210,pratyush.kumarharshit@gmail.com,complete
2024-01-01,5,CPR20231107160944,3,2022-02-01,Rewat Raj Kumar,NULL,developer,2003-05-21,male,1.jpg,mandawali,New delhi,1,1,9876543210,9876543210,rewat.rajkumar@gmail.com,complete
2024-01-01,5,CPR20231103160895,228,2022-02-01,Chandan Kumar,NULL,developer,2003-05-22,male,1.jpg,mandawali,New delhi,1,1,9876543210,9876543210,chandan.kumar@gmail.com,running
2024-01-01,5,CPR20231102160833,3,2022-02-01,Rajan Kumar Singh,NULL,developer,2003-05-23,male,1.jpg,mandawali,New delhi,1,1,9876543210,9876543210,rajan.kumarsingh@gmail.com,complete
2024-01-01,5,CPR20231101160743,3,2022-02-01,Praveen Kumar,NULL,developer,2003-05-24,male,1.jpg,mandawali,New delhi,1,1,9876543210,9876543210,praveen.kumar@gmail.com,complete
2024-01-01,5,CPR20231028160637,228,2022-02-01,Himanshu Kumar,NULL,developer,2003-05-25,male,1.jpg,mandawali,New delhi,1,1,9876543210,9876543210,himanshu.kumar@gmail.com,complete
2024-01-01,5,CPR20231027160574,3,2022-02-01,Rakhi Kumari,NULL,developer,2003-05-26,male,1.jpg,mandawali,New delhi,1,1,9876543210,9876543210,rakhi.kumari@gmail.com,complete
2024-01-01,5,CPR20231026160525,3,2022-02-01,Himanshu Kumar,NULL,developer,2003-05-27,male,1.jpg,mandawali,New delhi,1,1,9876543210,9876543210,himanshu.kumar@gmail.com,complete
2024-01-01,5,CPR20231204161688,3,2022-02-02,Shubham Kumar Mishra,NULL,developer,2003-05-28,male,1.jpg,mandawali,New delhi,1,1,9876543210,9876543210,shubham.kumarmishra@gmail.com,complete
2024-01-01,5,CPR20231122161375,3,2022-02-02,Anupriya Kumari,NULL,developer,2003-05-29,male,1.jpg,mandawali,New delhi,1,1,9876543210,9876543210,anupriya.kumari@gmail.com,complete
2024-01-01,5,CPR20231122161374,3,2022-02-02,Amit Kumar Prasad,NULL,developer,2003-05-30,male,1.jpg,mandawali,New delhi,1,1,9876543210,9876543210,amit.kumarprasad@gmail.com,complete
2024-01-01,5,CPR20231115161187,3,2022-02-02,Anuradha Kumari,NULL,developer,2003-05-31,male,1.jpg,mandawali,New delhi,1,1,9876543210,9876543210,anuradha.kumari@gmail.com,complete
2024-01-01,5,CPR20231114161169,3,2022-02-02,Aman Kumar,NULL,developer,2003-06-01,male,1.jpg,mandawali,New delhi,1,1,9876543210,9876543210,aman.kumar@gmail.com,complete
2024-01-01,5,CPR20231108161017,3,2022-02-02,Puja Kumari,NULL,developer,2003-06-02,male,1.jpg,mandawali,New delhi,1,1,9876543210,9876543210,puja.kumari@gmail.com,complete
2024-01-01,5,CPR20231101160749,3,2022-02-02,Mintu Kumar Mahto,NULL,developer,2003-06-03,male,1.jpg,mandawali,New delhi,1,1,9876543210,9876543210,mintu.kumarmahto@gmail.com,complete
2024-01-01,5,CPR20231101160746,3,2022-02-02,Akhilesh Kumar,NULL,developer,2003-06-04,male,1.jpg,mandawali,New delhi,1,1,9876543210,9876543210,akhilesh.kumar@gmail.com,complete
2024-01-01,5,CPR20231101160744,3,2022-02-02,Sandesh Kumar,NULL,developer,2003-06-05,male,1.jpg,mandawali,New delhi,1,1,9876543210,9876543210,sandesh.kumar@gmail.com,complete
2024-01-01,1,BHA20220418137335,3,2022-02-07,Sandhya,NULL,developer,2003-06-06,male,1.jpg,mandawali,New delhi,1,1,9876543210,9876543210,BHA20220418137335@gmail.com,complete
2024-01-01,5,CPR20231110161105,3,2022-02-08,Ekta Kumari,NULL,developer,2003-06-07,male,1.jpg,mandawali,New delhi,1,1,9876543210,9876543210,ekta.kumari@gmail.com,complete
2024-01-01,5,CPR20231101160748,3,2022-02-08,Ranjeet Kumar,NULL,developer,2003-06-08,male,1.jpg,mandawali,New delhi,1,1,9876543210,9876543210,ranjeet.kumar@gmail.com,complete
2024-01-01,5,CPR20231204161686,3,2022-02-09,Akash Kumar,NULL,developer,2003-06-09,male,1.jpg,mandawali,New delhi,1,1,9876543210,9876543210,akash.kumar@gmail.com,complete
2024-01-01,5,CPR20231102160836,3,2022-02-09,Sonu Muskan,NULL,developer,2003-06-10,male,1.jpg,mandawali,New delhi,1,1,9876543210,9876543210,sonu.muskan@gmail.com,complete
2024-01-01,1,BHA20220629140947,235,2022-02-10,Somi Kumari,NULL,developer,2003-06-11,male,1.jpg,mandawali,New delhi,1,1,9876543210,9876543210,somi.kumari@gmail.com,complete
2024-01-01,5,CPR20231026160528,3,2022-02-10,Suraj Kumar Ray,NULL,developer,2003-06-12,male,1.jpg,mandawali,New delhi,1,1,9876543210,9876543210,suraj.kumarray@gmail.com,complete
2024-01-01,2,KOP20221116146846,3,2022-02-15,Km Manisha,NULL,developer,2003-06-13,male,1.jpg,mandawali,New delhi,1,1,9876543210,9876543210,km.manisha@gmail.com,complete
2024-01-01,2,KOP20221116146845,3,2022-02-15,Km Pooja Gupta,NULL,developer,2003-06-14,male,1.jpg,mandawali,New delhi,1,1,9876543210,9876543210,km.poojagupta@gmail.com,complete
2024-01-01,1,BHA20220629140949,235,2022-02-18,Anamika,NULL,developer,2003-06-15,male,1.jpg,mandawali,New delhi,1,1,9876543210,9876543210,BHA20220629140949@gmail.com,complete
2024-01-01,1,BHA20220418137336,235,2022-02-20,Akshya Barman,NULL,developer,2003-06-16,male,1.jpg,mandawali,New delhi,1,1,9876543210,9876543210,akshya.barman@gmail.com,complete
2024-01-01,2,KOP20220302135451,3,2022-02-26,Neha Kumari,NULL,developer,2003-06-17,male,1.jpg,mandawali,New delhi,1,1,9876543210,9876543210,neha.kumari@gmail.com,complete
2024-01-01,2,KOP20220302135442,3,2022-02-26,Gunja Kumari,NULL,developer,2003-06-18,male,1.jpg,mandawali,New delhi,1,1,9876543210,9876543210,gunja.kumari@gmail.com,complete
2024-01-01,2,KOP20220302135454,3,2022-02-28,Sapna Kumari,NULL,developer,2003-06-19,male,1.jpg,mandawali,New delhi,1,1,9876543210,9876543210,sapna.kumari@gmail.com,complete
2024-01-01,2,KOP20220302135448,3,2022-02-28,Ritika Kumari,NULL,developer,2003-06-20,male,1.jpg,mandawali,New delhi,1,1,9876543210,9876543210,ritika.kumari@gmail.com,complete
2024-01-01,2,KOP20220302135447,3,2022-02-28,Ritee Kumari,NULL,developer,2003-06-21,male,1.jpg,mandawali,New delhi,1,1,9876543210,9876543210,ritee.kumari@gmail.com,complete
2024-01-01,2,KOP20220302135446,3,2022-02-28,Surbhi Kumari,NULL,developer,2003-06-22,male,1.jpg,mandawali,New delhi,1,1,9876543210,9876543210,surbhi.kumari@gmail.com,complete
2024-01-01,2,KOP20220302135444,3,2022-02-28,Alka Kumar,NULL,developer,2003-06-23,male,1.jpg,mandawali,New delhi,1,1,9876543210,9876543210,alka.kumar@gmail.com,complete
2024-01-01,1,BHA20220629140950,235,2022-03-01,Anoop Prasad,NULL,developer,2003-06-24,male,1.jpg,mandawali,New delhi,1,1,9876543210,9876543210,anoop.prasad@gmail.com,complete
2024-01-01,5,CPR20231021160481,3,2022-03-01,Amrita Kumari,NULL,developer,2003-06-25,male,1.jpg,mandawali,New delhi,1,1,9876543210,9876543210,amrita.kumari@gmail.com,complete
2024-01-01,5,CPR20231026160529,3,2022-03-02,Bhisham Kumar,NULL,developer,2003-06-26,male,1.jpg,mandawali,New delhi,1,1,9876543210,9876543210,bhisham.kumar@gmail.com,complete
2024-01-01,1,BHA20220418137337,3,2022-03-03,Shivani,NULL,developer,2003-06-27,male,1.jpg,mandawali,New delhi,1,1,9876543210,9876543210,BHA20220418137337@gmail.com,complete
2024-01-01,5,CPR20231026160522,3,2022-03-03,Chhotu Kumar,NULL,developer,2003-06-28,male,1.jpg,mandawali,New delhi,1,1,9876543210,9876543210,chhotu.kumar@gmail.com,complete
2024-01-01,9,NDS20230527154054,3,2022-03-09,Yuvraj Singh,NULL,developer,2003-06-29,male,1.jpg,mandawali,New delhi,1,1,9876543210,9876543210,yuvraj.singh@gmail.com,complete
2024-01-01,1,BHA20220629140952,235,2022-03-10,Dharmendra Singh,NULL,developer,2003-06-30,male,1.jpg,mandawali,New delhi,1,1,9876543210,9876543210,dharmendra.singh@gmail.com,complete
2024-01-01,8,RPI20220514138484,3,2022-03-21,Abhishek Kumar Sah,NULL,developer,2003-07-01,male,1.jpg,mandawali,New delhi,1,1,9876543210,9876543210,abhishek.kumarsah@gmail.com,running
2024-01-01,8,RPI20220514138483,3,2022-03-21,Abhishek Marki,NULL,developer,2003-07-02,male,1.jpg,mandawali,New delhi,1,1,9876543210,9876543210,abhishek.marki@gmail.com,running
2024-01-01,8,RPI20220514138485,3,2022-03-23,Shatranjan Mahto,NULL,developer,2003-07-03,male,1.jpg,mandawali,New delhi,1,1,9876543210,9876543210,shatranjan.mahto@gmail.com,complete
2024-01-01,8,RPI20220514138482,3,2022-03-23,Ankit Nishad,NULL,developer,2003-07-04,male,1.jpg,mandawali,New delhi,1,1,9876543210,9876543210,ankit.nishad@gmail.com,running
2024-01-01,1,BHA20220629140944,3,2022-03-29,Vimla,NULL,developer,2003-07-05,male,1.jpg,mandawali,New delhi,1,1,9876543210,9876543210,BHA20220629140944@gmail.com,complete
2024-01-01,1,BHA20221209147393,235,2022-04-04,Prasant Vishwakarma,NULL,developer,2003-07-06,male,1.jpg,mandawali,New delhi,1,1,9876543210,9876543210,prasant.vishwakarma@gmail.com,complete
2024-01-01,1,BHA20221209147402,3,2022-04-04,Ritik Kumar,NULL,developer,2003-07-07,male,1.jpg,mandawali,New delhi,1,1,9876543210,9876543210,ritik.kumar@gmail.com,complete
2024-01-01,1,BHA20221209147396,235,2022-04-04,Meenakshi Rawat,NULL,developer,2003-07-08,male,1.jpg,mandawali,New delhi,1,1,9876543210,9876543210,meenakshi.rawat@gmail.com,complete
2024-01-01,9,NDS20230527154051,3,2022-04-06,Pradeep Kumar,NULL,developer,2003-07-09,male,1.jpg,mandawali,New delhi,1,1,9876543210,9876543210,pradeep.kumar@gmail.com,complete
2024-01-01,1,BHA20221209147395,235,2022-04-08,Surbhi Kumari,NULL,developer,2003-07-10,male,1.jpg,mandawali,New delhi,1,1,9876543210,9876543210,surbhi.kumari@gmail.com,complete
2024-01-01,1,BHA20221209147392,235,2022-04-09,Dey Chand,NULL,developer,2003-07-11,male,1.jpg,mandawali,New delhi,1,1,9876543210,9876543210,dey.chand@gmail.com,complete
2024-01-01,9,NDS20230527154053,3,2022-04-20,Shalini,NULL,developer,2003-07-12,male,1.jpg,mandawali,New delhi,1,1,9876543210,9876543210,NDS20230527154053@gmail.com,complete
2024-01-01,9,NDS20230527154052,3,2022-04-20,Aman Sharma,NULL,developer,2003-07-13,male,1.jpg,mandawali,New delhi,1,1,9876543210,9876543210,aman.sharma@gmail.com,complete
2024-01-01,9,NDS20221012145606,228,2022-05-01,Ajit Kumar,NULL,developer,2003-07-14,male,1.jpg,mandawali,New delhi,1,1,9876543210,9876543210,ajit.kumar@gmail.com,complete
2024-01-01,9,NDS20221012145605,228,2022-05-01,Km Pooja Kumari,NULL,developer,2003-07-15,male,1.jpg,mandawali,New delhi,1,1,9876543210,9876543210,km.poojakumari@gmail.com,complete
2024-01-01,1,BHA20221209147389,3,2022-05-02,Digvijay Rajput,NULL,developer,2003-07-16,male,1.jpg,mandawali,New delhi,1,1,9876543210,9876543210,digvijay.rajput@gmail.com,running
2024-01-01,1,BHA20221209147380,235,2022-05-05,Sonu Kumar,NULL,developer,2003-07-17,male,1.jpg,mandawali,New delhi,1,1,9876543210,9876543210,sonu.kumar@gmail.com,complete
2024-01-01,1,BHA20221209147387,235,2022-05-05,Sheetal,NULL,developer,2003-07-18,male,1.jpg,mandawali,New delhi,1,1,9876543210,9876543210,BHA20221209147387@gmail.com,complete
2024-01-01,1,BHA20221209147377,235,2022-05-06,Atul,NULL,developer,2003-07-19,male,1.jpg,mandawali,New delhi,1,1,9876543210,9876543210,BHA20221209147377@gmail.com,complete
2024-01-01,1,BHA20221209147383,235,2022-05-08,Vishal,NULL,developer,2003-07-20,male,1.jpg,mandawali,New delhi,1,1,9876543210,9876543210,BHA20221209147383@gmail.com,complete
2024-01-01,2,KOP20221019146029,3,2022-05-13,Vikash Kumar,NULL,developer,2003-07-21,male,1.jpg,mandawali,New delhi,1,1,9876543210,9876543210,vikash.kumar@gmail.com,complete
2024-01-01,1,BHA20230717156562,3,2022-06-05,Sagar Khatana,NULL,developer,2003-07-22,male,1.jpg,mandawali,New delhi,1,1,9876543210,9876543210,sagar.khatana@gmail.com,complete
2024-01-01,1,BHA20221209147388,3,2022-06-09,Neeraj Singh Rawat,NULL,developer,2003-07-23,male,1.jpg,mandawali,New delhi,1,1,9876543210,9876543210,neeraj.singhrawat@gmail.com,running
2024-01-01,2,KOP20221020146059,3,2022-06-13,Anshika,NULL,developer,2003-07-24,male,1.jpg,mandawali,New delhi,1,1,9876543210,9876543210,KOP20221020146059@gmail.com,complete
2024-01-01,2,KOP20221019146028,3,2022-06-13,Veena Kumari,NULL,developer,2003-07-25,male,1.jpg,mandawali,New delhi,1,1,9876543210,9876543210,veena.kumari@gmail.com,complete
2024-01-01,1,BHA20230124149161,3,2022-06-15,Abhinav Kakran,NULL,developer,2003-07-26,male,1.jpg,mandawali,New delhi,1,1,9876543210,9876543210,abhinav.kakran@gmail.com,complete
2024-01-01,1,BHA20221209147384,235,2022-06-17,Vijay,NULL,developer,2003-07-27,male,1.jpg,mandawali,New delhi,1,1,9876543210,9876543210,BHA20221209147384@gmail.com,complete
2024-01-01,1,BHA20221209147397,235,2022-07-26,Amit Kumar,NULL,developer,2003-07-28,male,1.jpg,mandawali,New delhi,1,1,9876543210,9876543210,amit.kumar@gmail.com,running
2024-01-01,1,BHA20221209147385,235,2022-07-26,Vimal Kumar,NULL,developer,2003-07-29,male,1.jpg,mandawali,New delhi,1,1,9876543210,9876543210,vimal.kumar@gmail.com,running
2024-01-01,1,BHA20221209147400,3,2022-08-03,Nidhi,NULL,developer,2003-07-30,male,1.jpg,mandawali,New delhi,1,1,9876543210,9876543210,BHA20221209147400@gmail.com,complete
2024-01-01,1,BHA20221209147376,235,2022-08-06,Anchal Kotiyal,NULL,developer,2003-07-31,male,1.jpg,mandawali,New delhi,1,1,9876543210,9876543210,anchal.kotiyal@gmail.com,complete
2024-01-01,1,BHA20230124149162,3,2022-08-06,Himanshu,NULL,developer,2003-08-01,male,1.jpg,mandawali,New delhi,1,1,9876543210,9876543210,BHA20230124149162@gmail.com,running
2024-01-01,1,BHA20221209147381,3,2022-08-07,Ram,NULL,developer,2003-08-02,male,1.jpg,mandawali,New delhi,1,1,9876543210,9876543210,BHA20221209147381@gmail.com,complete
2024-01-01,1,BHA20221209147401,3,2022-08-07,Vishakha,NULL,developer,2003-08-03,male,1.jpg,mandawali,New delhi,1,1,9876543210,9876543210,BHA20221209147401@gmail.com,complete
2024-01-01,1,BHA20221210147477,3,2022-08-15,Vipin,NULL,developer,2003-08-04,male,1.jpg,mandawali,New delhi,1,1,9876543210,9876543210,BHA20221210147477@gmail.com,running
2024-01-01,2,KOP20221013145624,3,2022-08-15,Afroj Khan,NULL,developer,2003-08-05,male,1.jpg,mandawali,New delhi,1,1,9876543210,9876543210,afroj.khan@gmail.com,complete
2024-01-01,2,KOP20221013145623,3,2022-08-15,Deepak Kumar,NULL,developer,2003-08-06,male,1.jpg,mandawali,New delhi,1,1,9876543210,9876543210,deepak.kumar@gmail.com,complete
2024-01-01,5,CPR20231028160636,3,2022-08-29,Riyaraj Kumari,NULL,developer,2003-08-07,male,1.jpg,mandawali,New delhi,1,1,9876543210,9876543210,riyaraj.kumari@gmail.com,complete
2024-01-01,1,BHA20221209147399,235,2022-09-01,Tamanna,NULL,developer,2003-08-08,male,1.jpg,mandawali,New delhi,1,1,9876543210,9876543210,BHA20221209147399@gmail.com,complete
2024-01-01,1,BHA20221209147398,3,2022-09-01,Shaini Rawat,NULL,developer,2003-08-09,male,1.jpg,mandawali,New delhi,1,1,9876543210,9876543210,shaini.rawat@gmail.com,running
2024-01-01,1,BHA20221209147378,235,2022-09-01,Rohan Saini,NULL,developer,2003-08-10,male,1.jpg,mandawali,New delhi,1,1,9876543210,9876543210,rohan.saini@gmail.com,complete
2024-01-01,9,NDS20231221162093,3,2022-09-01,Subham Kumar Pandey,NULL,developer,2003-08-11,male,1.jpg,mandawali,New delhi,1,1,9876543210,9876543210,subham.kumarpandey@gmail.com,complete
2024-01-01,1,BHA20230523153865,3,2022-09-05,Lakshya Arya,NULL,developer,2003-08-12,male,1.jpg,mandawali,New delhi,1,1,9876543210,9876543210,lakshya.arya@gmail.com,complete
2024-01-01,1,BHA20221209147386,3,2022-09-08,Somya,NULL,developer,2003-08-13,male,1.jpg,mandawali,New delhi,1,1,9876543210,9876543210,BHA20221209147386@gmail.com,complete
2024-01-01,1,BHA20230124149163,3,2022-09-08,Suraj Kukreti,NULL,developer,2003-08-14,male,1.jpg,mandawali,New delhi,1,1,9876543210,9876543210,suraj.kukreti@gmail.com,running
2024-01-01,1,BHA20221209147394,235,2022-09-10,Rahul Kumar,NULL,developer,2003-08-15,male,1.jpg,mandawali,New delhi,1,1,9876543210,9876543210,rahul.kumar@gmail.com,complete
2024-01-01,1,BHA20221209147390,3,2022-09-12,Anshu,NULL,developer,2003-08-16,male,1.jpg,mandawali,New delhi,1,1,9876543210,9876543210,BHA20221209147390@gmail.com,complete
2024-01-01,1,BHA20221209147379,3,2022-09-13,Aalekh Sing,NULL,developer,2003-08-17,male,1.jpg,mandawali,New delhi,1,1,9876543210,9876543210,aalekh.sing@gmail.com,complete
2024-01-01,1,BHA20230222149911,3,2022-09-14,Reshma,NULL,developer,2003-08-18,male,1.jpg,mandawali,New delhi,1,1,9876543210,9876543210,BHA20230222149911@gmail.com,running
2024-01-01,9,NDS20231014160170,3,2022-09-20,Rani Kumari,NULL,developer,2003-08-19,male,1.jpg,mandawali,New delhi,1,1,9876543210,9876543210,rani.kumari@gmail.com,complete
2024-01-01,1,BHA20230222149913,3,2022-09-27,Satyam,NULL,developer,2003-08-20,male,1.jpg,mandawali,New delhi,1,1,9876543210,9876543210,BHA20230222149913@gmail.com,running
2024-01-01,1,BHA20230124149160,3,2022-10-01,Mansi,NULL,developer,2003-08-21,male,1.jpg,mandawali,New delhi,1,1,9876543210,9876543210,BHA20230124149160@gmail.com,running
2024-01-01,1,BHA20221209147391,235,2022-10-08,Divya,NULL,developer,2003-08-22,male,1.jpg,mandawali,New delhi,1,1,9876543210,9876543210,BHA20221209147391@gmail.com,complete
2024-01-01,1,BHA20230222149909,235,2022-10-12,Vashu Kashyap,NULL,developer,2003-08-23,male,1.jpg,mandawali,New delhi,1,1,9876543210,9876543210,vashu.kashyap@gmail.com,running
2024-01-01,1,BHA20230222149912,3,2022-10-17,Devendra Kumar,NULL,developer,2003-08-24,male,1.jpg,mandawali,New delhi,1,1,9876543210,9876543210,devendra.kumar@gmail.com,running
2024-01-01,1,BHA20230222149908,3,2022-11-01,Vansh Kumar,NULL,developer,2003-08-25,male,1.jpg,mandawali,New delhi,1,1,9876543210,9876543210,vansh.kumar@gmail.com,running
2024-01-01,5,CPR20231027160575,3,2022-11-01,Manisha Kumari,NULL,developer,2003-08-26,male,1.jpg,mandawali,New delhi,1,1,9876543210,9876543210,manisha.kumari@gmail.com,complete
2024-01-01,9,NDS20231221162091,3,2022-11-01,Manshu Khari,NULL,developer,2003-08-27,male,1.jpg,mandawali,New delhi,1,1,9876543210,9876543210,manshu.khari@gmail.com,complete
2024-01-01,1,BHA20230222149907,3,2022-11-02,Amit Kumar,NULL,developer,2003-08-28,male,1.jpg,mandawali,New delhi,1,1,9876543210,9876543210,amit.kumar@gmail.com,running
2024-01-01,1,BHA20230222149902,235,2022-11-03,Ashish Sharma,NULL,developer,2003-08-29,male,1.jpg,mandawali,New delhi,1,1,9876543210,9876543210,ashish.sharma@gmail.com,running
2024-01-01,1,BHA20230523153860,3,2022-11-07,Kamini,NULL,developer,2003-08-30,male,1.jpg,mandawali,New delhi,1,1,9876543210,9876543210,BHA20230523153860@gmail.com,complete
2024-01-01,1,BHA20230222149910,3,2022-11-08,Gaurav Van,NULL,developer,2003-08-31,male,1.jpg,mandawali,New delhi,1,1,9876543210,9876543210,gaurav.van@gmail.com,running
2024-01-01,1,BHA20230124149159,235,2022-11-15,Shivani,NULL,developer,2003-09-01,male,1.jpg,mandawali,New delhi,1,1,9876543210,9876543210,BHA20230124149159@gmail.com,complete
2024-01-01,1,BHA20230124149158,235,2022-11-15,Shubham Singh,NULL,developer,2003-09-02,male,1.jpg,mandawali,New delhi,1,1,9876543210,9876543210,shubham.singh@gmail.com,complete
2024-01-01,1,BHA20230222149904,235,2022-11-18,Vimal Kumar,NULL,developer,2003-09-03,male,1.jpg,mandawali,New delhi,1,1,9876543210,9876543210,vimal.kumar@gmail.com,running
2024-01-01,5,CPR20231026160543,228,2022-12-01,Pragati Kumari,NULL,developer,2003-09-04,male,1.jpg,mandawali,New delhi,1,1,9876543210,9876543210,pragati.kumari@gmail.com,complete
2024-01-01,2,KOP20230105148461,3,2022-12-12,Ashish Kumar,NULL,developer,2003-09-05,male,1.jpg,mandawali,New delhi,1,1,9876543210,9876543210,ashish.kumar@gmail.com,complete
2024-01-01,2,KOP20230105148460,3,2022-12-12,Ajay Kumar,NULL,developer,2003-09-06,male,1.jpg,mandawali,New delhi,1,1,9876543210,9876543210,ajay.kumar@gmail.com,complete
2024-01-01,2,KOP20230105148459,3,2022-12-12,Premjeet Kumar Yadav,NULL,developer,2003-09-07,male,1.jpg,mandawali,New delhi,1,1,9876543210,9876543210,premjeet.kumaryadav@gmail.com,complete
2024-01-01,1,BHA20230124149156,3,2022-12-13,Deepa,NULL,developer,2003-09-08,male,1.jpg,mandawali,New delhi,1,1,9876543210,9876543210,BHA20230124149156@gmail.com,complete
2024-01-01,1,BHA20230124149155,3,2022-12-13,Megha,NULL,developer,2003-09-09,male,1.jpg,mandawali,New delhi,1,1,9876543210,9876543210,BHA20230124149155@gmail.com,complete
2024-01-01,1,BHA20230222149901,235,2022-12-15,Ravi Pal,NULL,developer,2003-09-10,male,1.jpg,mandawali,New delhi,1,1,9876543210,9876543210,ravi.pal@gmail.com,running
2024-01-01,1,BHA20220629140945,235,2022-12-22,Chhaya,NULL,developer,2003-09-11,male,1.jpg,mandawali,New delhi,1,1,9876543210,9876543210,BHA20220629140945@gmail.com,running
2024-01-01,1,BHA20230222149914,3,2022-12-23,Somesh Gupta,NULL,developer,2003-09-12,male,1.jpg,mandawali,New delhi,1,1,9876543210,9876543210,somesh.gupta@gmail.com,running
2024-01-01,1,BHA20230222149905,3,2022-12-23,Ranveer Singh,NULL,developer,2003-09-13,male,1.jpg,mandawali,New delhi,1,1,9876543210,9876543210,ranveer.singh@gmail.com,running
2024-01-01,1,BHA20230222149903,3,2022-12-26,Govind Pratap,NULL,developer,2003-09-14,male,1.jpg,mandawali,New delhi,1,1,9876543210,9876543210,govind.pratap@gmail.com,running
2024-01-01,5,CPR20231101160745,228,2022-12-26,Sandesh Kumar,NULL,developer,2003-09-15,male,1.jpg,mandawali,New delhi,1,1,9876543210,9876543210,sandesh.kumar@gmail.com,complete
2024-01-01,5,CPR20231101160751,228,2022-12-27,Anshu Kumari,NULL,developer,2003-09-16,male,1.jpg,mandawali,New delhi,1,1,9876543210,9876543210,anshu.kumari@gmail.com,complete
2024-01-01,5,CPR20231026160530,228,2022-12-27,Raj Verma,NULL,developer,2003-09-17,male,1.jpg,mandawali,New delhi,1,1,9876543210,9876543210,raj.verma@gmail.com,complete
2024-01-01,1,BHA20240117163002,3,2023-01-01,Subhas Chandra Sagar,NULL,developer,2003-09-18,male,1.jpg,mandawali,New delhi,1,1,9876543210,9876543210,subhas.chandrasagar@gmail.com,complete
2024-01-01,5,CPR20240213163764,3,2023-01-01,Princy,NULL,developer,2003-09-19,male,1.jpg,mandawali,New delhi,1,1,9876543210,9876543210,CPR20240213163764@gmail.com,complete
2024-01-01,5,CPR20240213163763,3,2023-01-01,Nitima Kumari,NULL,developer,2003-09-20,male,1.jpg,mandawali,New delhi,1,1,9876543210,9876543210,nitima.kumari@gmail.com,complete
2024-01-01,5,CPR20240131163387,3,2023-01-01,Niraj Kumar,NULL,developer,2003-09-21,male,1.jpg,mandawali,New delhi,1,1,9876543210,9876543210,niraj.kumar@gmail.com,complete
2024-01-01,5,CPR20240124163229,3,2023-01-01,Kundan Kumar Sharma,NULL,developer,2003-09-22,male,1.jpg,mandawali,New delhi,1,1,9876543210,9876543210,kundan.kumarsharma@gmail.com,complete
2024-01-01,5,CPR20231205161704,228,2023-01-01,Aditya Kumar,NULL,developer,2003-09-23,male,1.jpg,mandawali,New delhi,1,1,9876543210,9876543210,aditya.kumar@gmail.com,running
2024-01-01,5,CPR20231204161680,228,2023-01-01,Sweety Kumari,NULL,developer,2003-09-24,male,1.jpg,mandawali,New delhi,1,1,9876543210,9876543210,sweety.kumari@gmail.com,running
2024-01-01,5,CPR20231128161557,228,2023-01-01,Amisha Kumari,NULL,developer,2003-09-25,male,1.jpg,mandawali,New delhi,1,1,9876543210,9876543210,amisha.kumari@gmail.com,running
2024-01-01,5,CPR20231125161424,228,2023-01-01,Tej Pratap,NULL,developer,2003-09-26,male,1.jpg,mandawali,New delhi,1,1,9876543210,9876543210,tej.pratap@gmail.com,running
2024-01-01,5,CPR20231124161409,228,2023-01-01,Abhimanyu Kumar,NULL,developer,2003-09-27,male,1.jpg,mandawali,New delhi,1,1,9876543210,9876543210,abhimanyu.kumar@gmail.com,running
2024-01-01,5,CPR20231124161407,228,2023-01-01,Dhiraj Kumar Ray,NULL,developer,2003-09-28,male,1.jpg,mandawali,New delhi,1,1,9876543210,9876543210,dhiraj.kumarray@gmail.com,running
2024-01-01,5,CPR20231122161369,228,2023-01-01,Pratyush Kumar Harshit,NULL,developer,2003-09-29,male,1.jpg,mandawali,New delhi,1,1,9876543210,9876543210,pratyush.kumarharshit@gmail.com,running
2024-01-01,5,CPR20231116161219,228,2023-01-01,Kriti Kumari,NULL,developer,2003-09-30,male,1.jpg,mandawali,New delhi,1,1,9876543210,9876543210,kriti.kumari@gmail.com,running
2024-01-01,5,CPR20231115161186,228,2023-01-01,Anuradha Kumari,NULL,developer,2003-10-01,male,1.jpg,mandawali,New delhi,1,1,9876543210,9876543210,anuradha.kumari@gmail.com,running
2024-01-01,5,CPR20231114161172,228,2023-01-01,Sonam Kumari,NULL,developer,2003-10-02,male,1.jpg,mandawali,New delhi,1,1,9876543210,9876543210,sonam.kumari@gmail.com,running
2024-01-01,5,CPR20231110161102,228,2023-01-01,Soni Kumari,NULL,developer,2003-10-03,male,1.jpg,mandawali,New delhi,1,1,9876543210,9876543210,soni.kumari@gmail.com,running
2024-01-01,5,CPR20231108161016,228,2023-01-01,Puja Kumari,NULL,developer,2003-10-04,male,1.jpg,mandawali,New delhi,1,1,9876543210,9876543210,puja.kumari@gmail.com,running
2024-01-01,5,CPR20231107160991,228,2023-01-01,Md Irfan,NULL,developer,2003-10-05,male,1.jpg,mandawali,New delhi,1,1,9876543210,9876543210,md.irfan@gmail.com,running
2024-01-01,5,CPR20231106160929,228,2023-01-01,Rinki Kumari,NULL,developer,2003-10-06,male,1.jpg,mandawali,New delhi,1,1,9876543210,9876543210,rinki.kumari@gmail.com,running
2024-01-01,5,CPR20231106160928,228,2023-01-01,Kavita Kumari,NULL,developer,2003-10-07,male,1.jpg,mandawali,New delhi,1,1,9876543210,9876543210,kavita.kumari@gmail.com,running
2024-01-01,5,CPR20231106160927,228,2023-01-01,Jay Kumar Singh,NULL,developer,2003-10-08,male,1.jpg,mandawali,New delhi,1,1,9876543210,9876543210,jay.kumarsingh@gmail.com,running
2024-01-01,5,CPR20231106160925,228,2023-01-01,Monu Kumar Gupta,NULL,developer,2003-10-09,male,1.jpg,mandawali,New delhi,1,1,9876543210,9876543210,monu.kumargupta@gmail.com,running
2024-01-01,5,CPR20231103160894,3,2023-01-01,Khushbu Kumari,NULL,developer,2003-10-10,male,1.jpg,mandawali,New delhi,1,1,9876543210,9876543210,khushbu.kumari@gmail.com,complete
2024-01-01,5,CPR20231103160890,228,2023-01-01,Sanjeev Kumar Singh,NULL,developer,2003-10-11,male,1.jpg,mandawali,New delhi,1,1,9876543210,9876543210,sanjeev.kumarsingh@gmail.com,running
2024-01-01,5,CPR20231027160583,228,2023-01-01,Sachin Kumar Thakur,NULL,developer,2003-10-12,male,1.jpg,mandawali,New delhi,1,1,9876543210,9876543210,sachin.kumarthakur@gmail.com,complete
2024-01-01,5,CPR20231026160523,228,2023-01-01,Gaytri Kumari,NULL,developer,2003-10-13,male,1.jpg,mandawali,New delhi,1,1,9876543210,9876543210,gaytri.kumari@gmail.com,complete
2024-01-01,5,CPR20240125163233,3,2023-01-02,Vicky Kumar,NULL,developer,2003-10-14,male,1.jpg,mandawali,New delhi,1,1,9876543210,9876543210,vicky.kumar@gmail.com,complete
2024-01-01,5,CPR20231204161691,228,2023-01-02,Ankit Kumar,NULL,developer,2003-10-15,male,1.jpg,mandawali,New delhi,1,1,9876543210,9876543210,ankit.kumar@gmail.com,running
2024-01-01,5,CPR20231204161689,228,2023-01-02,Vishal Kumar,NULL,developer,2003-10-16,male,1.jpg,mandawali,New delhi,1,1,9876543210,9876543210,vishal.kumar@gmail.com,running
2024-01-01,5,CPR20231204161685,228,2023-01-02,Kundan Raj,NULL,developer,2003-10-17,male,1.jpg,mandawali,New delhi,1,1,9876543210,9876543210,kundan.raj@gmail.com,running
2024-01-01,5,CPR20231204161682,228,2023-01-02,Sony Kumari,NULL,developer,2003-10-18,male,1.jpg,mandawali,New delhi,1,1,9876543210,9876543210,sony.kumari@gmail.com,running
2024-01-01,5,CPR20231122161377,228,2023-01-02,Anupriya Kumari,NULL,developer,2003-10-19,male,1.jpg,mandawali,New delhi,1,1,9876543210,9876543210,anupriya.kumari@gmail.com,running
2024-01-01,5,CPR20231122161373,228,2023-01-02,Amit Kumar Prasad,NULL,developer,2003-10-20,male,1.jpg,mandawali,New delhi,1,1,9876543210,9876543210,amit.kumarprasad@gmail.com,running
2024-01-01,5,CPR20231122161372,228,2023-01-02,Prakarsh Kumar Harshit,NULL,developer,2003-10-21,male,1.jpg,mandawali,New delhi,1,1,9876543210,9876543210,prakarsh.kumarharshit@gmail.com,running
2024-01-01,5,CPR20231114161174,228,2023-01-02,Uday Kumar Singh,NULL,developer,2003-10-22,male,1.jpg,mandawali,New delhi,1,1,9876543210,9876543210,uday.kumarsingh@gmail.com,running
2024-01-01,5,CPR20231108161015,228,2023-01-02,Nigita Kumari,NULL,developer,2003-10-23,male,1.jpg,mandawali,New delhi,1,1,9876543210,9876543210,nigita.kumari@gmail.com,running
2024-01-01,5,CPR20231103160891,228,2023-01-02,Chandan Kumar Yadav,NULL,developer,2003-10-24,male,1.jpg,mandawali,New delhi,1,1,9876543210,9876543210,chandan.kumaryadav@gmail.com,running
2024-01-01,5,CPR20231102160831,228,2023-01-02,Nautik Kumar,NULL,developer,2003-10-25,male,1.jpg,mandawali,New delhi,1,1,9876543210,9876543210,nautik.kumar@gmail.com,complete
2024-01-01,5,CPR20231101160750,228,2023-01-02,Nikki Kumari,NULL,developer,2003-10-26,male,1.jpg,mandawali,New delhi,1,1,9876543210,9876543210,nikki.kumari@gmail.com,complete
2024-01-01,5,CPR20240213163768,3,2023-01-03,Rajnish Ranjan Kumar,NULL,developer,2003-10-27,male,1.jpg,mandawali,New delhi,1,1,9876543210,9876543210,rajnish.ranjankumar@gmail.com,complete
2024-01-01,5,CPR20240124163230,3,2023-01-03,Shekhar Kumar Singh,NULL,developer,2003-10-28,male,1.jpg,mandawali,New delhi,1,1,9876543210,9876543210,shekhar.kumarsingh@gmail.com,complete
2024-01-01,5,CPR20231205161730,228,2023-01-03,Vikash Raj,NULL,developer,2003-10-29,male,1.jpg,mandawali,New delhi,1,1,9876543210,9876543210,vikash.raj@gmail.com,running
2024-01-01,5,CPR20231204161693,228,2023-01-03,Vikash Kumar,NULL,developer,2003-10-30,male,1.jpg,mandawali,New delhi,1,1,9876543210,9876543210,vikash.kumar@gmail.com,running
2024-01-01,5,CPR20231204161692,228,2023-01-03,Neha Kumari,NULL,developer,2003-10-31,male,1.jpg,mandawali,New delhi,1,1,9876543210,9876543210,neha.kumari@gmail.com,running
2024-01-01,5,CPR20231204161690,228,2023-01-03,Ritu Kumari,NULL,developer,2003-11-01,male,1.jpg,mandawali,New delhi,1,1,9876543210,9876543210,ritu.kumari@gmail.com,running
2024-01-01,5,CPR20231128161560,228,2023-01-03,Nandan Kumar,NULL,developer,2003-11-02,male,1.jpg,mandawali,New delhi,1,1,9876543210,9876543210,nandan.kumar@gmail.com,running
2024-01-01,5,CPR20231122161380,228,2023-01-03,Anand Kumar Prasad,NULL,developer,2003-11-03,male,1.jpg,mandawali,New delhi,1,1,9876543210,9876543210,anand.kumarprasad@gmail.com,running
2024-01-01,5,CPR20231114161170,228,2023-01-03,Nisha Kumari,NULL,developer,2003-11-04,male,1.jpg,mandawali,New delhi,1,1,9876543210,9876543210,nisha.kumari@gmail.com,running
2024-01-01,5,CPR20231107160994,238,2023-01-03,Babita Devi,NULL,developer,2003-11-05,male,1.jpg,mandawali,New delhi,1,1,9876543210,9876543210,babita.devi@gmail.com,complete
2024-01-01,5,CPR20231107160990,228,2023-01-03,Ankit Kumar Verma,NULL,developer,2003-11-06,male,1.jpg,mandawali,New delhi,1,1,9876543210,9876543210,ankit.kumarverma@gmail.com,running
2024-01-01,5,CPR20231103160893,228,2023-01-03,Muskan Kumari,NULL,developer,2003-11-07,male,1.jpg,mandawali,New delhi,1,1,9876543210,9876543210,muskan.kumari@gmail.com,running
2024-01-01,5,CPR20231102160835,228,2023-01-03,Sonu Muskan,NULL,developer,2003-11-08,male,1.jpg,mandawali,New delhi,1,1,9876543210,9876543210,sonu.muskan@gmail.com,complete
2024-01-01,5,CPR20231102160834,228,2023-01-03,Pankaj Kumar,NULL,developer,2003-11-09,male,1.jpg,mandawali,New delhi,1,1,9876543210,9876543210,pankaj.kumar@gmail.com,complete
2024-01-01,5,CPR20231102160832,228,2023-01-03,Rajan Kumar Singh,NULL,developer,2003-11-10,male,1.jpg,mandawali,New delhi,1,1,9876543210,9876543210,rajan.kumarsingh@gmail.com,complete
2024-01-01,5,CPR20231101160752,228,2023-01-03,Pushpanjali Kumari,NULL,developer,2003-11-11,male,1.jpg,mandawali,New delhi,1,1,9876543210,9876543210,pushpanjali.kumari@gmail.com,complete
2024-01-01,5,CPR20240216163836,3,2023-01-04,Rimjhim Kumari,NULL,developer,2003-11-12,male,1.jpg,mandawali,New delhi,1,1,9876543210,9876543210,rimjhim.kumari@gmail.com,complete
2024-01-01,5,CPR20240213163767,228,2023-01-04,Sanjeev Kumar Ojha,NULL,developer,2003-11-13,male,1.jpg,mandawali,New delhi,1,1,9876543210,9876543210,sanjeev.kumarojha@gmail.com,complete
2024-01-01,5,CPR20231114161168,228,2023-01-04,Aman Kumar,NULL,developer,2003-11-14,male,1.jpg,mandawali,New delhi,1,1,9876543210,9876543210,aman.kumar@gmail.com,running
2024-01-01,5,CPR20231110161106,228,2023-01-04,Raushni Kumari,NULL,developer,2003-11-15,male,1.jpg,mandawali,New delhi,1,1,9876543210,9876543210,raushni.kumari@gmail.com,running
2024-01-01,5,CPR20231110161104,228,2023-01-04,Ekta Kumari,NULL,developer,2003-11-16,male,1.jpg,mandawali,New delhi,1,1,9876543210,9876543210,ekta.kumari@gmail.com,running
2024-01-01,5,CPR20231107160995,228,2023-01-04,Payal Kumari,NULL,developer,2003-11-17,male,1.jpg,mandawali,New delhi,1,1,9876543210,9876543210,payal.kumari@gmail.com,running
2024-01-01,5,CPR20231107160993,228,2023-01-04,Raushan Kumar,NULL,developer,2003-11-18,male,1.jpg,mandawali,New delhi,1,1,9876543210,9876543210,raushan.kumar@gmail.com,running
2024-01-01,5,CPR20231101160753,228,2023-01-04,Shalu Kumari,NULL,developer,2003-11-19,male,1.jpg,mandawali,New delhi,1,1,9876543210,9876543210,shalu.kumari@gmail.com,complete
2024-01-01,5,CPR20240213163766,3,2023-01-05,Sanjeev Kumar Ojha,NULL,developer,2003-11-20,male,1.jpg,mandawali,New delhi,1,1,9876543210,9876543210,sanjeev.kumarojha@gmail.com,complete
2024-01-01,5,CPR20231113161123,228,2023-01-05,Ashish Ku Sharma,NULL,developer,2003-11-21,male,1.jpg,mandawali,New delhi,1,1,9876543210,9876543210,ashish.kusharma@gmail.com,running
2024-01-01,8,RPI20230109148556,3,2023-01-09,Kundan Mishra,NULL,developer,2003-11-22,male,1.jpg,mandawali,New delhi,1,1,9876543210,9876543210,kundan.mishra@gmail.com,running
2024-01-01,8,RPI20230109148555,3,2023-01-09,Antima Kumari,NULL,developer,2003-11-23,male,1.jpg,mandawali,New delhi,1,1,9876543210,9876543210,antima.kumari@gmail.com,running
2024-01-01,8,RPI20230109148554,3,2023-01-09,Nidhi Kumari,NULL,developer,2003-11-24,male,1.jpg,mandawali,New delhi,1,1,9876543210,9876543210,nidhi.kumari@gmail.com,running
2024-01-01,8,RPI20230109148553,3,2023-01-09,Saloni Kumari,NULL,developer,2003-11-25,male,1.jpg,mandawali,New delhi,1,1,9876543210,9876543210,saloni.kumari@gmail.com,running
2024-01-01,1,BHA20230523153861,3,2023-01-10,Arvind Negi,NULL,developer,2003-11-26,male,1.jpg,mandawali,New delhi,1,1,9876543210,9876543210,arvind.negi@gmail.com,complete
2024-01-01,5,CPR20240120163160,3,2023-01-18,Ayush Raj,NULL,developer,2003-11-27,male,1.jpg,mandawali,New delhi,1,1,9876543210,9876543210,ayush.raj@gmail.com,complete
2024-01-01,5,CPR20240216163833,3,2023-02-01,Bipul Kumar Tiwari,NULL,developer,2003-11-28,male,1.jpg,mandawali,New delhi,1,1,9876543210,9876543210,bipul.kumartiwari@gmail.com,complete
2024-01-01,5,CPR20231027160573,228,2023-02-01,Rahul Kumar Singh,NULL,developer,2003-11-29,male,1.jpg,mandawali,New delhi,1,1,9876543210,9876543210,rahul.kumarsingh@gmail.com,complete
2024-01-01,5,CPR20231026160527,228,2023-02-01,Bandana Kumari,NULL,developer,2003-11-30,male,1.jpg,mandawali,New delhi,1,1,9876543210,9876543210,bandana.kumari@gmail.com,complete
2024-01-01,5,CPR20231026160526,228,2023-02-01,Himanshu Kumar,NULL,developer,2003-12-01,male,1.jpg,mandawali,New delhi,1,1,9876543210,9876543210,himanshu.kumar@gmail.com,complete
2024-01-01,5,CPR20231026160524,228,2023-02-01,Munna Tiwary,NULL,developer,2003-12-02,male,1.jpg,mandawali,New delhi,1,1,9876543210,9876543210,munna.tiwary@gmail.com,complete
2024-01-01,5,CPR20240216163835,228,2023-02-08,Shashi Bhushan,NULL,developer,2003-12-03,male,1.jpg,mandawali,New delhi,1,1,9876543210,9876543210,shashi.bhushan@gmail.com,running
2024-01-01,5,CPR20240216163834,3,2023-02-09,Shashi Bhushan,NULL,developer,2003-12-04,male,1.jpg,mandawali,New delhi,1,1,9876543210,9876543210,shashi.bhushan@gmail.com,complete
2024-01-01,1,BHA20230523153862,3,2023-02-20,Pooja Verma,NULL,developer,2003-12-05,male,1.jpg,mandawali,New delhi,1,1,9876543210,9876543210,pooja.verma@gmail.com,complete
2024-01-01,1,BHA20230818157803,235,2023-02-20,Aarti Devi,NULL,developer,2003-12-06,male,1.jpg,mandawali,New delhi,1,1,9876543210,9876543210,aarti.devi@gmail.com,complete
2024-01-01,1,BHA20230818157802,235,2023-02-20,Aman,NULL,developer,2003-12-07,male,1.jpg,mandawali,New delhi,1,1,9876543210,9876543210,BHA20230818157802@gmail.com,complete
2024-01-01,5,CPR20240118163100,3,2023-03-01,Prashant Kumar,NULL,developer,2003-12-08,male,1.jpg,mandawali,New delhi,1,1,9876543210,9876543210,prashant.kumar@gmail.com,complete
2024-01-01,1,BHA20230717156556,3,2023-03-09,Kajal Gaur,NULL,developer,2003-12-09,male,1.jpg,mandawali,New delhi,1,1,9876543210,9876543210,kajal.gaur@gmail.com,running
2024-01-01,1,BHA20230717156547,3,2023-03-09,Deepa Rawat,NULL,developer,2003-12-10,male,1.jpg,mandawali,New delhi,1,1,9876543210,9876543210,deepa.rawat@gmail.com,running
2024-01-01,1,BHA20230523153863,235,2023-03-15,Shipra Chauhan,NULL,developer,2003-12-11,male,1.jpg,mandawali,New delhi,1,1,9876543210,9876543210,shipra.chauhan@gmail.com,running
2024-01-01,1,BHA20230523153859,3,2023-03-15,Sunaina,NULL,developer,2003-12-12,male,1.jpg,mandawali,New delhi,1,1,9876543210,9876543210,BHA20230523153859@gmail.com,complete
2024-01-01,2,KOP20231013160154,3,2023-03-15,Amjad Ali,NULL,developer,2003-12-13,male,1.jpg,mandawali,New delhi,1,1,9876543210,9876543210,amjad.ali@gmail.com,complete
2024-01-01,1,BHA20230523153864,235,2023-03-20,Vishal Saini,NULL,developer,2003-12-14,male,1.jpg,mandawali,New delhi,1,1,9876543210,9876543210,vishal.saini@gmail.com,running
2024-01-01,1,BHA20230928159763,235,2023-03-20,Navdeep Sharma,NULL,developer,2003-12-15,male,1.jpg,mandawali,New delhi,1,1,9876543210,9876543210,navdeep.sharma@gmail.com,running
2024-01-01,5,CPR20231110161107,3,2023-05-10,Purnima Kumari,NULL,developer,2003-12-16,male,1.jpg,mandawali,New delhi,1,1,9876543210,9876543210,purnima.kumari@gmail.com,complete
2024-01-01,5,CPR20231102160837,228,2023-05-20,Manish Kumar,NULL,developer,2003-12-17,male,1.jpg,mandawali,New delhi,1,1,9876543210,9876543210,manish.kumar@gmail.com,complete
2024-01-01,9,NDS20231014160169,238,2023-05-28,Laxmi,NULL,developer,2003-12-18,male,1.jpg,mandawali,New delhi,1,1,9876543210,9876543210,NDS20231014160169@gmail.com,complete
2024-01-01,1,BHA20231128161568,3,2023-05-30,Priyanshi,NULL,developer,2003-12-19,male,1.jpg,mandawali,New delhi,1,1,9876543210,9876543210,BHA20231128161568@gmail.com,running
2024-01-01,2,KOP20231013160156,228,2023-06-01,Rani Kumari,NULL,developer,2003-12-20,male,1.jpg,mandawali,New delhi,1,1,9876543210,9876543210,rani.kumari@gmail.com,complete
2024-01-01,5,CPR20240213163765,228,2023-06-06,Princy,NULL,developer,2003-12-21,male,1.jpg,mandawali,New delhi,1,1,9876543210,9876543210,CPR20240213163765@gmail.com,complete
2024-01-01,9,NDS20231014160171,238,2023-06-09,Navneet Kumar,NULL,developer,2003-12-22,male,1.jpg,mandawali,New delhi,1,1,9876543210,9876543210,navneet.kumar@gmail.com,complete
2024-01-01,1,BHA20230717156563,3,2023-06-10,Kashish,NULL,developer,2003-12-23,male,1.jpg,mandawali,New delhi,1,1,9876543210,9876543210,BHA20230717156563@gmail.com,complete
2024-01-01,2,KOP20231013160155,3,2023-06-10,Rani Kumari,NULL,developer,2003-12-24,male,1.jpg,mandawali,New delhi,1,1,9876543210,9876543210,rani.kumari@gmail.com,complete
2024-01-01,1,BHA20230717156560,235,2023-06-15,Kavita Joshi,NULL,developer,2003-12-25,male,1.jpg,mandawali,New delhi,1,1,9876543210,9876543210,kavita.joshi@gmail.com,running
2024-01-01,1,BHA20231128161565,3,2023-06-16,Rajnish Mishra,NULL,developer,2003-12-26,male,1.jpg,mandawali,New delhi,1,1,9876543210,9876543210,rajnish.mishra@gmail.com,running
2024-01-01,1,BHA20231205161732,235,2023-06-22,Amit Joshi,NULL,developer,2003-12-27,male,1.jpg,mandawali,New delhi,1,1,9876543210,9876543210,amit.joshi@gmail.com,running
2024-01-01,1,BHA20240117163001,235,2023-07-01,Sharma Vati,NULL,developer,2003-12-28,male,1.jpg,mandawali,New delhi,1,1,9876543210,9876543210,sharma.vati@gmail.com,complete
2024-01-01,1,BHA20231128161566,3,2023-07-21,Sumit Tiwari,NULL,developer,2003-12-29,male,1.jpg,mandawali,New delhi,1,1,9876543210,9876543210,sumit.tiwari@gmail.com,running
2024-01-01,1,BHA20231128161562,3,2023-07-28,Rakhi,NULL,developer,2003-12-30,male,1.jpg,mandawali,New delhi,1,1,9876543210,9876543210,BHA20231128161562@gmail.com,running
2024-01-01,1,BHA20231128161567,3,2023-08-16,Neema,NULL,developer,2003-12-31,male,1.jpg,mandawali,New delhi,1,1,9876543210,9876543210,BHA20231128161567@gmail.com,running
2024-01-01,1,BHA20231128161564,235,2023-08-20,Jitendra Kumar,NULL,developer,2004-01-01,male,1.jpg,mandawali,New delhi,1,1,9876543210,9876543210,jitendra.kumar@gmail.com,running
2024-01-01,1,BHA20231128161563,235,2023-08-20,Ishwar Prasad,NULL,developer,2004-01-02,male,1.jpg,mandawali,New delhi,1,1,9876543210,9876543210,ishwar.prasad@gmail.com,running
2024-01-01,1,BHA20231221162094,3,2023-08-25,Yashvi,NULL,developer,2004-01-03,male,1.jpg,mandawali,New delhi,1,1,9876543210,9876543210,BHA20231221162094@gmail.com,running
2024-01-01,9,NDS20231221162092,238,2023-09-08,Shiva Tripathi,NULL,developer,2004-01-04,male,1.jpg,mandawali,New delhi,1,1,9876543210,9876543210,shiva.tripathi@gmail.com,complete
2024-01-01,1,BHA20231128161561,50,2023-09-15,Priyanka Pandey,NULL,developer,2004-01-05,male,1.jpg,mandawali,New delhi,1,1,9876543210,9876543210,priyanka.pandey@gmail.com,running
2024-01-01,2,KOP20231007159969,49,2023-10-01,Shabina Naaz,NULL,developer,2004-01-06,male,1.jpg,mandawali,New delhi,1,1,9876543210,9876543210,shabina.naaz@gmail.com,running
2024-01-01,5,CPR20231104160898,228,2023-10-01,Amit Kumar Srivastava,NULL,developer,2004-01-07,male,1.jpg,mandawali,New delhi,1,1,9876543210,9876543210,amit.kumarsrivastava@gmail.com,running
2024-01-01,5,CPR20231104160897,228,2023-10-01,Abhishek Yuvraj,NULL,developer,2004-01-08,male,1.jpg,mandawali,New delhi,1,1,9876543210,9876543210,abhishek.yuvraj@gmail.com,dropout
2024-01-01,5,CPR20231030160656,228,2023-10-01,Bhisham Kumar,NULL,developer,2004-01-09,male,1.jpg,mandawali,New delhi,1,1,9876543210,9876543210,bhisham.kumar@gmail.com,complete
2024-01-01,5,CPR20231030160655,228,2023-10-01,Divya Singh,NULL,developer,2004-01-10,male,1.jpg,mandawali,New delhi,1,1,9876543210,9876543210,divya.singh@gmail.com,complete
2024-01-01,5,CPR20231030160654,169,2024-07-01,Aayush Singh,Father's Name,developer,2004-01-11,male,New-0510.jpg,mandawali,New delhi,1,1,9876543210,9876543210,aayush.singh@gmail.com,complete
2024-01-01,5,CPR20231030160651,3,2023-10-01,Manish Kumar,NULL,developer,2004-01-12,male,1.jpg,mandawali,New delhi,1,1,9876543210,9876543210,manish.kumar@gmail.com,complete
2024-01-01,5,CPR20231206161736,228,2023-11-01,Prins Kumar,NULL,developer,2004-01-13,male,1.jpg,mandawali,New delhi,1,1,9876543210,9876543210,prins.kumar@gmail.com,complete
2024-01-01,5,CPR20231206161735,228,2024-07-01,Puja Kumari,lgpru,,2004-01-14,male,New-0513.jpg,mandawali,New delhi,1,1,9876543210,9876543210,puja.kumari@gmail.com,running
